sbj	stim	rt	key	pos	uhnd	hndns	eye	sex	age	edu
8101992752	80.bmp	0.7065792	o	3	r	r	l	m	25	3
8101992752	20.bmp	0.4967412	p	11	r	r	l	m	25	3
8101992752	60.bmp	0.6612757	o	2	r	r	l	m	25	3
8101992752	80.bmp	0.5383141	o	1	r	r	l	m	25	3
8101992752	10.bmp	0.4578588	o	6	r	r	l	m	25	3
8101992752	20.bmp	0.6469824	p	10	r	r	l	m	25	3
8101992752	30.bmp	0.4793883	p	3	r	r	l	m	25	3
8101992752	40.bmp	0.3968535	o	1	r	r	l	m	25	3
8101992752	0.bmp	0.4529682	p	3	r	r	l	m	25	3
8101992752	10.bmp	0.5882703	p	3	r	r	l	m	25	3
8101992752	60.bmp	1.0224906	p	4	r	r	l	m	25	3
8101992752	30.bmp	0.5633819	o	7	r	r	l	m	25	3
8101992752	40.bmp	0.4885588	o	13	r	r	l	m	25	3
8101992752	70.bmp	0.5181672	o	7	r	r	l	m	25	3
8101992752	60.bmp	0.4556613	p	13	r	r	l	m	25	3
8101992752	80.bmp	0.4597873	p	9	r	r	l	m	25	3
8101992752	0.bmp	0.3779753	o	2	r	r	l	m	25	3
8101992752	0.bmp	0.662296	o	13	r	r	l	m	25	3
8101992752	10.bmp	0.4860896	o	1	r	r	l	m	25	3
8101992752	60.bmp	0.4915495	p	6	r	r	l	m	25	3
8101992752	70.bmp	0.3403729	p	3	r	r	l	m	25	3
8101992752	10.bmp	0.5609804	p	10	r	r	l	m	25	3
8101992752	10.bmp	0.5462962	p	7	r	r	l	m	25	3
8101992752	10.bmp	0.5757271	p	5	r	r	l	m	25	3
8101992752	0.bmp	1.2469113	p	11	r	r	l	m	25	3
8101992752	30.bmp	0.4494857	p	9	r	r	l	m	25	3
8101992752	10.bmp	0.4285621	p	9	r	r	l	m	25	3
8101992752	30.bmp	0.5680014	p	8	r	r	l	m	25	3
8101992752	60.bmp	0.3464441	o	9	r	r	l	m	25	3
8101992752	20.bmp	0.4199826	o	9	r	r	l	m	25	3
8101992752	70.bmp	0.5326675	o	2	r	r	l	m	25	3
8101992752	40.bmp	0.5275791	o	4	r	r	l	m	25	3
8101992752	0.bmp	0.5158341	o	5	r	r	l	m	25	3
8101992752	70.bmp	0.6545805	o	4	r	r	l	m	25	3
8101992752	70.bmp	0.3536085	p	6	r	r	l	m	25	3
8101992752	50.bmp	0.5855282	p	6	r	r	l	m	25	3
8101992752	30.bmp	0.7872255	o	4	r	r	l	m	25	3
8101992752	20.bmp	0.7213474	o	2	r	r	l	m	25	3
8101992752	40.bmp	0.6932307	o	9	r	r	l	m	25	3
8101992752	10.bmp	0.6196611	p	11	r	r	l	m	25	3
8101992752	10.bmp	0.8096352	p	2	r	r	l	m	25	3
8101992752	40.bmp	0.5884988	p	10	r	r	l	m	25	3
8101992752	70.bmp	0.762008	o	13	r	r	l	m	25	3
8101992752	80.bmp	0.6106878	p	5	r	r	l	m	25	3
8101992752	50.bmp	0.5802959	o	9	r	r	l	m	25	3
8101992752	70.bmp	0.6338324	o	11	r	r	l	m	25	3
8101992752	0.bmp	0.5103387	o	4	r	r	l	m	25	3
8101992752	80.bmp	0.6275375	p	12	r	r	l	m	25	3
8101992752	40.bmp	0.6446413	p	2	r	r	l	m	25	3
8101992752	30.bmp	0.5742445	p	5	r	r	l	m	25	3
8101992752	40.bmp	0.5709002	p	7	r	r	l	m	25	3
8101992752	0.bmp	0.5658917	p	6	r	r	l	m	25	3
8101992752	20.bmp	0.6407287	p	4	r	r	l	m	25	3
8101992752	0.bmp	0.4390202	o	9	r	r	l	m	25	3
8101992752	50.bmp	0.4621476	o	10	r	r	l	m	25	3
8101992752	30.bmp	0.4576964	p	12	r	r	l	m	25	3
8101992752	60.bmp	0.6627247	p	5	r	r	l	m	25	3
8101992752	40.bmp	0.7767483	p	6	r	r	l	m	25	3
8101992752	60.bmp	0.7688453	o	7	r	r	l	m	25	3
8101992752	70.bmp	0.8221493	o	10	r	r	l	m	25	3
8101992752	50.bmp	0.7087251	p	11	r	r	l	m	25	3
8101992752	60.bmp	0.8015371	p	12	r	r	l	m	25	3
8101992752	50.bmp	0.838987	o	5	r	r	l	m	25	3
8101992752	30.bmp	0.7345552	p	11	r	r	l	m	25	3
8101992752	80.bmp	0.9316826	o	6	r	r	l	m	25	3
8101992752	20.bmp	0.70487	p	5	r	r	l	m	25	3
8101992752	70.bmp	0.5230776	o	12	r	r	l	m	25	3
8101992752	20.bmp	0.612236	p	12	r	r	l	m	25	3
8101992752	70.bmp	0.7955785	o	5	r	r	l	m	25	3
8101992752	50.bmp	0.6360237	o	8	r	r	l	m	25	3
8101992752	50.bmp	0.4953094	p	7	r	r	l	m	25	3
8101992752	30.bmp	0.6347096	o	2	r	r	l	m	25	3
8101992752	10.bmp	0.6977785	p	12	r	r	l	m	25	3
8101992752	80.bmp	0.562929	o	4	r	r	l	m	25	3
8101992752	80.bmp	0.4987223	o	10	r	r	l	m	25	3
8101992752	20.bmp	0.6309152	p	7	r	r	l	m	25	3
8101992752	20.bmp	0.4878245	o	3	r	r	l	m	25	3
8101992752	40.bmp	0.6024894	p	12	r	r	l	m	25	3
8101992752	60.bmp	0.4415488	o	3	r	r	l	m	25	3
8101992752	20.bmp	0.4259732	p	13	r	r	l	m	25	3
8101992752	0.bmp	0.4179657	o	10	r	r	l	m	25	3
8101992752	70.bmp	0.6706354	o	9	r	r	l	m	25	3
8101992752	40.bmp	0.5963048	o	3	r	r	l	m	25	3
8101992752	50.bmp	0.5453825	o	4	r	r	l	m	25	3
8101992752	30.bmp	0.5666443	p	6	r	r	l	m	25	3
8101992752	80.bmp	0.5351423	p	8	r	r	l	m	25	3
8101992752	10.bmp	0.5071298	o	4	r	r	l	m	25	3
8101992752	80.bmp	0.5908206	p	13	r	r	l	m	25	3
8101992752	70.bmp	0.7518319	p	8	r	r	l	m	25	3
8101992752	50.bmp	0.8726963	p	13	r	r	l	m	25	3
8101992752	50.bmp	0.4964449	p	1	r	r	l	m	25	3
8101992752	30.bmp	0.4704193	p	13	r	r	l	m	25	3
8101992752	30.bmp	0.4808437	o	10	r	r	l	m	25	3
8101992752	0.bmp	0.5002632	o	12	r	r	l	m	25	3
8101992752	60.bmp	0.8309325	p	10	r	r	l	m	25	3
8101992752	80.bmp	0.6160808	o	11	r	r	l	m	25	3
8101992752	70.bmp	0.6689874	p	1	r	r	l	m	25	3
8101992752	10.bmp	0.5823165	p	8	r	r	l	m	25	3
8101992752	50.bmp	0.6330975	p	12	r	r	l	m	25	3
8101992752	20.bmp	0.7807577	p	8	r	r	l	m	25	3
8101992752	40.bmp	0.6752822	p	11	r	r	l	m	25	3
8101992752	20.bmp	0.6768267	p	6	r	r	l	m	25	3
8101992752	40.bmp	0.613018	p	5	r	r	l	m	25	3
8101992752	80.bmp	0.6381243	p	7	r	r	l	m	25	3
8101992752	0.bmp	0.8792208	p	1	r	r	l	m	25	3
8101992752	60.bmp	1.9853042	p	11	r	r	l	m	25	3
8101992752	50.bmp	0.5349343	p	2	r	r	l	m	25	3
8101992752	80.bmp	0.492393	p	2	r	r	l	m	25	3
8101992752	10.bmp	0.5307654	p	13	r	r	l	m	25	3
8101992752	60.bmp	0.4404701	p	8	r	r	l	m	25	3
8101992752	30.bmp	0.6457472	p	1	r	r	l	m	25	3
8101992752	60.bmp	0.7218732	p	1	r	r	l	m	25	3
8101992752	50.bmp	0.5192892	o	3	r	r	l	m	25	3
8101992752	40.bmp	0.6148196	o	8	r	r	l	m	25	3
8101992752	0.bmp	0.5572657	o	7	r	r	l	m	25	3
8101992752	20.bmp	0.5811401	p	1	r	r	l	m	25	3
8101992752	0.bmp	0.6214748	p	8	r	r	l	m	25	3
8101992752	50.bmp	0.4690144	p	1	r	r	l	m	25	3
8101992752	70.bmp	0.4835783	p	1	r	r	l	m	25	3
8101992752	20.bmp	0.5144628	p	12	r	r	l	m	25	3
8101992752	60.bmp	0.5458517	p	8	r	r	l	m	25	3
8101992752	70.bmp	0.5848747	o	9	r	r	l	m	25	3
8101992752	40.bmp	0.5062377	o	9	r	r	l	m	25	3
8101992752	80.bmp	0.5885059	p	12	r	r	l	m	25	3
8101992752	60.bmp	0.9779051	p	13	r	r	l	m	25	3
8101992752	50.bmp	0.7457988	p	3	r	r	l	m	25	3
8101992752	10.bmp	0.9168657	p	12	r	r	l	m	25	3
8101992752	0.bmp	0.5329085	o	11	r	r	l	m	25	3
8101992752	20.bmp	0.6760179	p	11	r	r	l	m	25	3
8101992752	50.bmp	0.6324016	o	4	r	r	l	m	25	3
8101992752	70.bmp	0.7251927	p	5	r	r	l	m	25	3
8101992752	10.bmp	0.600404	p	1	r	r	l	m	25	3
8101992752	0.bmp	0.5863642	p	5	r	r	l	m	25	3
8101992752	20.bmp	0.8406758	p	7	r	r	l	m	25	3
8101992752	80.bmp	0.6690096	o	3	r	r	l	m	25	3
8101992752	60.bmp	0.5817683	o	9	r	r	l	m	25	3
8101992752	80.bmp	0.9908866	o	2	r	r	l	m	25	3
8101992752	30.bmp	0.6258509	p	5	r	r	l	m	25	3
8101992752	40.bmp	0.9127545	p	12	r	r	l	m	25	3
8101992752	50.bmp	0.6174025	p	5	r	r	l	m	25	3
8101992752	20.bmp	1.2300162	o	6	r	r	l	m	25	3
8101992752	80.bmp	0.8796302	o	11	r	r	l	m	25	3
8101992752	80.bmp	0.6420081	o	4	r	r	l	m	25	3
8101992752	70.bmp	0.6379318	p	11	r	r	l	m	25	3
8101992752	20.bmp	0.5756776	o	9	r	r	l	m	25	3
8101992752	70.bmp	0.5186135	o	4	r	r	l	m	25	3
8101992752	40.bmp	0.6050183	o	6	r	r	l	m	25	3
8101992752	40.bmp	0.8923114	o	13	r	r	l	m	25	3
8101992752	30.bmp	0.5555083	o	4	r	r	l	m	25	3
8101992752	20.bmp	0.8417902	o	2	r	r	l	m	25	3
8101992752	30.bmp	1.4251715	o	6	r	r	l	m	25	3
8101992752	40.bmp	0.750475	o	7	r	r	l	m	25	3
8101992752	50.bmp	0.8078422	o	7	r	r	l	m	25	3
8101992752	0.bmp	0.7253939	o	8	r	r	l	m	25	3
8101992752	60.bmp	0.4144885	o	2	r	r	l	m	25	3
8101992752	70.bmp	0.4159016	o	12	r	r	l	m	25	3
8101992752	40.bmp	0.5126581	o	11	r	r	l	m	25	3
8101992752	20.bmp	0.6272384	p	5	r	r	l	m	25	3
8101992752	40.bmp	1.0549619	o	2	r	r	l	m	25	3
8101992752	30.bmp	0.718335	p	13	r	r	l	m	25	3
8101992752	30.bmp	0.6716176	p	10	r	r	l	m	25	3
8101992752	50.bmp	0.8856793	o	13	r	r	l	m	25	3
8101992752	50.bmp	0.6794071	o	8	r	r	l	m	25	3
8101992752	30.bmp	0.7467659	o	2	r	r	l	m	25	3
8101992752	80.bmp	0.7411512	p	1	r	r	l	m	25	3
8101992752	80.bmp	0.7126919	o	10	r	r	l	m	25	3
8101992752	80.bmp	0.5768779	o	5	r	r	l	m	25	3
8101992752	70.bmp	0.8856323	o	3	r	r	l	m	25	3
8101992752	0.bmp	0.6140346	p	1	r	r	l	m	25	3
8101992752	30.bmp	0.5482747	o	3	r	r	l	m	25	3
8101992752	10.bmp	0.7126886	p	10	r	r	l	m	25	3
8101992752	10.bmp	0.5509559	o	13	r	r	l	m	25	3
8101992752	30.bmp	0.7904092	p	11	r	r	l	m	25	3
8101992752	20.bmp	0.5221749	p	10	r	r	l	m	25	3
8101992752	40.bmp	0.6850433	p	8	r	r	l	m	25	3
8101992752	50.bmp	0.5416314	o	9	r	r	l	m	25	3
8101992752	50.bmp	0.6019687	p	11	r	r	l	m	25	3
8101992752	50.bmp	0.5596013	p	10	r	r	l	m	25	3
8101992752	60.bmp	0.5505769	o	4	r	r	l	m	25	3
8101992752	70.bmp	0.5927578	o	10	r	r	l	m	25	3
8101992752	20.bmp	0.7268524	p	1	r	r	l	m	25	3
8101992752	10.bmp	0.6606379	o	7	r	r	l	m	25	3
8101992752	30.bmp	0.6619088	p	12	r	r	l	m	25	3
8101992752	0.bmp	0.7369278	p	6	r	r	l	m	25	3
8101992752	30.bmp	0.5751782	o	9	r	r	l	m	25	3
8101992752	70.bmp	0.5610327	p	13	r	r	l	m	25	3
8101992752	70.bmp	0.5003596	o	7	r	r	l	m	25	3
8101992752	10.bmp	0.5869918	p	2	r	r	l	m	25	3
8101992752	30.bmp	0.4765575	p	1	r	r	l	m	25	3
8101992752	80.bmp	0.5898032	o	6	r	r	l	m	25	3
8101992752	60.bmp	0.5749755	p	1	r	r	l	m	25	3
8101992752	40.bmp	0.547908	o	10	r	r	l	m	25	3
8101992752	60.bmp	0.4223418	o	11	r	r	l	m	25	3
8101992752	10.bmp	0.422545	o	4	r	r	l	m	25	3
8101992752	10.bmp	0.3611784	p	8	r	r	l	m	25	3
8101992752	0.bmp	0.6007184	o	2	r	r	l	m	25	3
8101992752	10.bmp	1.0766686	p	11	r	r	l	m	25	3
8101992752	20.bmp	0.7405263	o	8	r	r	l	m	25	3
8101992752	10.bmp	0.5690488	o	9	r	r	l	m	25	3
8101992752	0.bmp	0.5390115	p	12	r	r	l	m	25	3
8101992752	20.bmp	0.721875	o	13	r	r	l	m	25	3
8101992752	30.bmp	0.584884	o	8	r	r	l	m	25	3
8101992752	40.bmp	0.5800613	o	4	r	r	l	m	25	3
8101992752	80.bmp	0.5548322	o	9	r	r	l	m	25	3
8101992752	50.bmp	0.6133078	p	12	r	r	l	m	25	3
8101992752	80.bmp	0.5712399	p	13	r	r	l	m	25	3
8101992752	0.bmp	0.5404203	o	9	r	r	l	m	25	3
8101992752	60.bmp	0.5645328	o	10	r	r	l	m	25	3
8101992752	60.bmp	0.4589025	o	12	r	r	l	m	25	3
8101992752	0.bmp	0.641307	p	10	r	r	l	m	25	3
8101992752	10.bmp	0.5215287	o	6	r	r	l	m	25	3
8101992752	30.bmp	0.4729698	p	7	r	r	l	m	25	3
8101992752	40.bmp	0.4638254	o	5	r	r	l	m	25	3
8101992752	20.bmp	0.4515368	o	3	r	r	l	m	25	3
8101992752	40.bmp	0.4610948	o	3	r	r	l	m	25	3
8101992752	10.bmp	0.4178088	o	3	r	r	l	m	25	3
8101992752	60.bmp	0.7458699	p	5	r	r	l	m	25	3
8101992752	20.bmp	0.4550182	o	4	r	r	l	m	25	3
8101992752	40.bmp	0.6668758	p	1	r	r	l	m	25	3
8101992752	80.bmp	0.6476328	o	8	r	r	l	m	25	3
8101992752	0.bmp	0.5996661	p	3	r	r	l	m	25	3
8101992752	0.bmp	0.4973898	o	7	r	r	l	m	25	3
8101992752	60.bmp	0.4588083	o	6	r	r	l	m	25	3
8101992752	80.bmp	0.4733515	o	7	r	r	l	m	25	3
8101992752	60.bmp	0.4109949	o	3	r	r	l	m	25	3
8101992752	50.bmp	0.5683366	p	6	r	r	l	m	25	3
8101992752	0.bmp	0.4930524	o	4	r	r	l	m	25	3
8101992752	60.bmp	0.6507818	o	7	r	r	l	m	25	3
8101992752	70.bmp	0.8776646	p	8	r	r	l	m	25	3
8101992752	70.bmp	0.6039948	o	6	r	r	l	m	25	3
8101992752	0.bmp	0.7758612	o	13	r	r	l	m	25	3
8101992752	70.bmp	1.2365393	p	2	r	r	l	m	25	3
8101992752	50.bmp	1.1023198	p	2	r	r	l	m	25	3
8101992752	10.bmp	0.6624814	p	5	r	r	l	m	25	3
8101992752	40.bmp	1.3951386	q	7	l	r	l	m	25	3
8101992752	80.bmp	0.5204438	q	9	l	r	l	m	25	3
8101992752	70.bmp	0.4053705	q	12	l	r	l	m	25	3
8101992752	60.bmp	0.5950827	w	13	l	r	l	m	25	3
8101992752	20.bmp	0.5357596	w	1	l	r	l	m	25	3
8101992752	60.bmp	0.432137	w	7	l	r	l	m	25	3
8101992752	70.bmp	0.6542421	w	7	l	r	l	m	25	3
8101992752	20.bmp	0.7233429	w	10	l	r	l	m	25	3
8101992752	0.bmp	0.4581441	w	10	l	r	l	m	25	3
8101992752	50.bmp	0.3766085	w	10	l	r	l	m	25	3
8101992752	30.bmp	0.6355278	w	2	l	r	l	m	25	3
8101992752	80.bmp	0.6498211	q	7	l	r	l	m	25	3
8101992752	60.bmp	0.8443515	w	12	l	r	l	m	25	3
8101992752	50.bmp	0.707076	q	3	l	r	l	m	25	3
8101992752	20.bmp	0.6197696	w	11	l	r	l	m	25	3
8101992752	0.bmp	0.8684186	q	12	l	r	l	m	25	3
8101992752	40.bmp	0.5443698	q	2	l	r	l	m	25	3
8101992752	30.bmp	0.7109337	w	9	l	r	l	m	25	3
8101992752	80.bmp	0.690563	q	12	l	r	l	m	25	3
8101992752	40.bmp	1.376269	q	3	l	r	l	m	25	3
8101992752	50.bmp	0.5042214	q	4	l	r	l	m	25	3
8101992752	60.bmp	0.6051568	w	8	l	r	l	m	25	3
8101992752	10.bmp	0.6932959	w	5	l	r	l	m	25	3
8101992752	10.bmp	0.5505064	w	12	l	r	l	m	25	3
8101992752	10.bmp	0.6197954	q	3	l	r	l	m	25	3
8101992752	80.bmp	0.771875	q	13	l	r	l	m	25	3
8101992752	0.bmp	0.6758081	w	5	l	r	l	m	25	3
8101992752	60.bmp	0.9413596	q	2	l	r	l	m	25	3
8101992752	70.bmp	0.5476833	q	5	l	r	l	m	25	3
8101992752	40.bmp	0.5157967	q	9	l	r	l	m	25	3
8101992752	20.bmp	0.4938068	q	13	l	r	l	m	25	3
8101992752	30.bmp	0.7747021	w	1	l	r	l	m	25	3
8101992752	80.bmp	0.4975399	w	5	l	r	l	m	25	3
8101992752	60.bmp	0.4391216	w	5	l	r	l	m	25	3
8101992752	10.bmp	0.646015	q	4	l	r	l	m	25	3
8101992752	10.bmp	0.6496354	q	8	l	r	l	m	25	3
8101992752	0.bmp	0.6940918	w	13	l	r	l	m	25	3
8101992752	40.bmp	0.5166253	w	1	l	r	l	m	25	3
8101992752	20.bmp	0.7076338	q	4	l	r	l	m	25	3
8101992752	50.bmp	0.9037578	w	8	l	r	l	m	25	3
8101992752	30.bmp	0.6935021	w	6	l	r	l	m	25	3
8101992752	50.bmp	0.4260102	q	5	l	r	l	m	25	3
8101992752	30.bmp	0.5777829	q	3	l	r	l	m	25	3
8101992752	20.bmp	0.9325099	w	7	l	r	l	m	25	3
8101992752	80.bmp	0.8471478	q	11	l	r	l	m	25	3
8101992752	40.bmp	0.6782763	w	6	l	r	l	m	25	3
8101992752	40.bmp	1.2686197	w	12	l	r	l	m	25	3
8101992752	60.bmp	0.593425	w	4	l	r	l	m	25	3
8101992752	60.bmp	0.5776649	w	1	l	r	l	m	25	3
8101992752	50.bmp	0.5670209	q	9	l	r	l	m	25	3
8101992752	50.bmp	0.7565611	w	1	l	r	l	m	25	3
8101992752	60.bmp	0.5002725	q	3	l	r	l	m	25	3
8101992752	30.bmp	0.7923721	q	7	l	r	l	m	25	3
8101992752	40.bmp	0.4733216	q	10	l	r	l	m	25	3
8101992752	70.bmp	0.4852253	q	8	l	r	l	m	25	3
8101992752	30.bmp	0.5945754	q	4	l	r	l	m	25	3
8101992752	80.bmp	0.5481093	q	10	l	r	l	m	25	3
8101992752	80.bmp	0.6199557	w	6	l	r	l	m	25	3
8101992752	60.bmp	0.5083472	q	9	l	r	l	m	25	3
8101992752	10.bmp	0.7719624	q	7	l	r	l	m	25	3
8101992752	0.bmp	0.6496728	q	4	l	r	l	m	25	3
8101992752	50.bmp	0.7251825	w	13	l	r	l	m	25	3
8101992752	40.bmp	0.5360339	q	4	l	r	l	m	25	3
8101992752	30.bmp	0.5691927	q	10	l	r	l	m	25	3
8101992752	10.bmp	0.5524431	q	9	l	r	l	m	25	3
8101992752	70.bmp	0.4775631	q	9	l	r	l	m	25	3
8101992752	0.bmp	0.6653296	w	2	l	r	l	m	25	3
8101992752	80.bmp	0.9321473	q	4	l	r	l	m	25	3
8101992752	30.bmp	0.5571155	w	5	l	r	l	m	25	3
8101992752	30.bmp	0.8490499	w	12	l	r	l	m	25	3
8101992752	50.bmp	0.7553589	w	7	l	r	l	m	25	3
8101992752	70.bmp	0.7490232	w	6	l	r	l	m	25	3
8101992752	0.bmp	0.6863563	w	11	l	r	l	m	25	3
8101992752	70.bmp	0.54369	q	3	l	r	l	m	25	3
8101992752	70.bmp	0.6549063	w	11	l	r	l	m	25	3
8101992752	0.bmp	0.723548	q	6	l	r	l	m	25	3
8101992752	10.bmp	0.5921912	w	13	l	r	l	m	25	3
8101992752	30.bmp	0.6507724	q	8	l	r	l	m	25	3
8101992752	10.bmp	0.6095056	w	11	l	r	l	m	25	3
8101992752	30.bmp	0.5543608	w	13	l	r	l	m	25	3
8101992752	20.bmp	0.5050798	w	12	l	r	l	m	25	3
8101992752	10.bmp	0.5335143	w	10	l	r	l	m	25	3
8101992752	70.bmp	0.7268204	q	2	l	r	l	m	25	3
8101992752	80.bmp	0.7353216	w	3	l	r	l	m	25	3
8101992752	20.bmp	0.7134137	w	3	l	r	l	m	25	3
8101992752	60.bmp	0.5949718	q	11	l	r	l	m	25	3
8101992752	70.bmp	0.6183118	q	10	l	r	l	m	25	3
8101992752	70.bmp	0.6916118	q	13	l	r	l	m	25	3
8101992752	10.bmp	0.6865102	w	2	l	r	l	m	25	3
8101992752	70.bmp	0.6008571	w	1	l	r	l	m	25	3
8101992752	20.bmp	0.5834833	w	2	l	r	l	m	25	3
8101992752	40.bmp	0.5117793	w	8	l	r	l	m	25	3
8101992752	50.bmp	0.5233605	w	2	l	r	l	m	25	3
8101992752	40.bmp	0.8302604	w	11	l	r	l	m	25	3
8101992752	40.bmp	0.4762038	w	5	l	r	l	m	25	3
8101992752	20.bmp	0.5093782	w	6	l	r	l	m	25	3
8101992752	0.bmp	0.444984	w	7	l	r	l	m	25	3
8101992752	20.bmp	0.339129	q	9	l	r	l	m	25	3
8101992752	80.bmp	0.4373311	q	2	l	r	l	m	25	3
8101992752	80.bmp	0.4377457	q	1	l	r	l	m	25	3
8101992752	60.bmp	0.4310574	q	10	l	r	l	m	25	3
8101992752	20.bmp	0.5044185	q	8	l	r	l	m	25	3
8101992752	30.bmp	0.7846125	w	11	l	r	l	m	25	3
8101992752	10.bmp	0.5457226	w	6	l	r	l	m	25	3
8101992752	80.bmp	0.6313728	q	8	l	r	l	m	25	3
8101992752	60.bmp	0.5611948	w	6	l	r	l	m	25	3
8101992752	20.bmp	0.6501581	w	5	l	r	l	m	25	3
8101992752	50.bmp	0.5803846	w	12	l	r	l	m	25	3
8101992752	70.bmp	0.5424538	q	4	l	r	l	m	25	3
8101992752	0.bmp	0.4529912	q	9	l	r	l	m	25	3
8101992752	0.bmp	0.6759754	w	1	l	r	l	m	25	3
8101992752	50.bmp	0.7225815	q	11	l	r	l	m	25	3
8101992752	0.bmp	0.940328	q	8	l	r	l	m	25	3
8101992752	40.bmp	0.5755558	w	13	l	r	l	m	25	3
8101992752	10.bmp	0.6273849	w	1	l	r	l	m	25	3
8101992752	0.bmp	0.6144257	q	3	l	r	l	m	25	3
8101992752	50.bmp	0.6333693	w	6	l	r	l	m	25	3
8101992752	50.bmp	0.6411358	q	3	l	r	l	m	25	3
8101992752	50.bmp	0.5743198	q	1	l	r	l	m	25	3
8101992752	60.bmp	0.6368386	w	1	l	r	l	m	25	3
8101992752	20.bmp	0.6139286	w	8	l	r	l	m	25	3
8101992752	30.bmp	0.7470359	q	6	l	r	l	m	25	3
8101992752	80.bmp	0.731399	w	5	l	r	l	m	25	3
8101992752	50.bmp	0.626438	w	9	l	r	l	m	25	3
8101992752	40.bmp	0.8396816	q	5	l	r	l	m	25	3
8101992752	10.bmp	0.709622	w	8	l	r	l	m	25	3
8101992752	10.bmp	0.67783	w	3	l	r	l	m	25	3
8101992752	30.bmp	0.7303242	q	11	l	r	l	m	25	3
8101992752	60.bmp	0.7680129	q	7	l	r	l	m	25	3
8101992752	20.bmp	0.8708055	w	5	l	r	l	m	25	3
8101992752	70.bmp	0.6660198	w	10	l	r	l	m	25	3
8101992752	80.bmp	0.5827981	w	13	l	r	l	m	25	3
8101992752	0.bmp	0.7089054	q	5	l	r	l	m	25	3
8101992752	20.bmp	0.6166875	w	11	l	r	l	m	25	3
8101992752	0.bmp	1.0069076	w	9	l	r	l	m	25	3
8101992752	0.bmp	0.6968049	q	13	l	r	l	m	25	3
8101992752	70.bmp	0.6867243	w	13	l	r	l	m	25	3
8101992752	70.bmp	0.5959425	w	8	l	r	l	m	25	3
8101992752	80.bmp	0.5332889	w	10	l	r	l	m	25	3
8101992752	20.bmp	0.8375452	w	1	l	r	l	m	25	3
8101992752	30.bmp	0.6523748	w	13	l	r	l	m	25	3
8101992752	20.bmp	0.6645371	w	6	l	r	l	m	25	3
8101992752	50.bmp	0.656078	q	6	l	r	l	m	25	3
8101992752	30.bmp	0.7206666	q	9	l	r	l	m	25	3
8101992752	30.bmp	0.6522818	q	5	l	r	l	m	25	3
8101992752	0.bmp	0.8110843	w	7	l	r	l	m	25	3
8101992752	80.bmp	0.6606956	w	12	l	r	l	m	25	3
8101992752	70.bmp	0.9895714	q	2	l	r	l	m	25	3
8101992752	30.bmp	0.7554231	q	10	l	r	l	m	25	3
8101992752	70.bmp	0.7387101	w	1	l	r	l	m	25	3
8101992752	60.bmp	0.7384549	q	4	l	r	l	m	25	3
8101992752	30.bmp	1.0528059	q	12	l	r	l	m	25	3
8101992752	50.bmp	0.6090344	q	13	l	r	l	m	25	3
8101992752	60.bmp	0.6143236	q	9	l	r	l	m	25	3
8101992752	60.bmp	0.8047365	q	2	l	r	l	m	25	3
8101992752	70.bmp	0.6557461	q	6	l	r	l	m	25	3
8101992752	50.bmp	0.7397786	q	4	l	r	l	m	25	3
8101992752	60.bmp	0.6083314	q	12	l	r	l	m	25	3
8101992752	20.bmp	0.8395088	w	12	l	r	l	m	25	3
8101992752	0.bmp	0.614913	q	3	l	r	l	m	25	3
8101992752	10.bmp	0.7894333	q	10	l	r	l	m	25	3
8101992752	50.bmp	0.6559452	w	2	l	r	l	m	25	3
8101992752	60.bmp	0.7787505	q	10	l	r	l	m	25	3
8101992752	70.bmp	1.0552306	w	5	l	r	l	m	25	3
8101992752	40.bmp	0.6201585	w	11	l	r	l	m	25	3
8101992752	40.bmp	0.6642459	w	7	l	r	l	m	25	3
8101992752	0.bmp	0.6456351	w	10	l	r	l	m	25	3
8101992752	40.bmp	0.8263059	w	8	l	r	l	m	25	3
8101992752	60.bmp	0.6854468	w	6	l	r	l	m	25	3
8101992752	80.bmp	0.5157635	w	8	l	r	l	m	25	3
8101992752	60.bmp	0.5304172	w	11	l	r	l	m	25	3
8101992752	40.bmp	0.5231513	w	10	l	r	l	m	25	3
8101992752	0.bmp	0.7793623	w	8	l	r	l	m	25	3
8101992752	70.bmp	0.7455875	w	7	l	r	l	m	25	3
8101992752	10.bmp	0.673858	w	5	l	r	l	m	25	3
8101992752	30.bmp	0.6044106	w	8	l	r	l	m	25	3
8101992752	40.bmp	0.6446406	w	6	l	r	l	m	25	3
8101992752	50.bmp	0.6433718	w	7	l	r	l	m	25	3
8101992752	50.bmp	0.5619182	w	10	l	r	l	m	25	3
8101992752	20.bmp	0.5976891	q	3	l	r	l	m	25	3
8101992752	80.bmp	0.7687367	w	3	l	r	l	m	25	3
8101992752	60.bmp	0.5892355	w	5	l	r	l	m	25	3
8101992752	70.bmp	0.6722057	q	4	l	r	l	m	25	3
8101992752	0.bmp	0.6963058	w	12	l	r	l	m	25	3
8101992752	70.bmp	0.5717167	w	12	l	r	l	m	25	3
8101992752	40.bmp	0.4656856	w	12	l	r	l	m	25	3
8101992752	10.bmp	0.5941648	w	2	l	r	l	m	25	3
8101992752	20.bmp	0.4958907	w	2	l	r	l	m	25	3
8101992752	80.bmp	0.4177533	q	9	l	r	l	m	25	3
8101992752	80.bmp	0.6786917	q	2	l	r	l	m	25	3
8101992752	20.bmp	0.7488721	q	13	l	r	l	m	25	3
8101992752	80.bmp	0.4962357	w	11	l	r	l	m	25	3
8101992752	40.bmp	0.6272672	q	4	l	r	l	m	25	3
8101992752	60.bmp	0.5020274	q	3	l	r	l	m	25	3
8101992752	0.bmp	0.5182815	q	4	l	r	l	m	25	3
8101992752	70.bmp	0.4926975	q	9	l	r	l	m	25	3
8101992752	40.bmp	0.6809133	q	3	l	r	l	m	25	3
8101992752	10.bmp	0.6329094	w	12	l	r	l	m	25	3
8101992752	60.bmp	0.6440496	q	13	l	r	l	m	25	3
8101992752	30.bmp	0.5707271	q	3	l	r	l	m	25	3
8101992752	50.bmp	0.7719073	w	5	l	r	l	m	25	3
8101992752	10.bmp	0.5695894	q	6	l	r	l	m	25	3
8101992752	10.bmp	0.6329727	w	11	l	r	l	m	25	3
8101992752	0.bmp	0.6055021	q	6	l	r	l	m	25	3
8101992752	0.bmp	0.6216979	w	2	l	r	l	m	25	3
8101992752	40.bmp	0.5488015	q	9	l	r	l	m	25	3
8101992752	40.bmp	0.6741367	q	13	l	r	l	m	25	3
8101992752	80.bmp	0.4764857	q	6	l	r	l	m	25	3
8101992752	60.bmp	0.6494462	w	8	l	r	l	m	25	3
8101992752	10.bmp	0.7663797	q	9	l	r	l	m	25	3
8101992752	80.bmp	0.741158	q	7	l	r	l	m	25	3
8101992752	0.bmp	1.331064	w	1	l	r	l	m	25	3
8101992752	10.bmp	0.906693	w	7	l	r	l	m	25	3
8101992752	30.bmp	0.7545791	q	4	l	r	l	m	25	3
8101992752	10.bmp	0.5888766	q	4	l	r	l	m	25	3
8101992752	20.bmp	0.7153695	w	7	l	r	l	m	25	3
8101992752	50.bmp	0.843753	w	11	l	r	l	m	25	3
8101992752	70.bmp	0.5767573	q	3	l	r	l	m	25	3
8101992752	80.bmp	0.6041768	q	1	l	r	l	m	25	3
8101992752	30.bmp	0.7217731	w	1	l	r	l	m	25	3
8101992752	50.bmp	0.6165813	w	8	l	r	l	m	25	3
8101992752	0.bmp	0.6443092	w	11	l	r	l	m	25	3
8101992752	20.bmp	0.4763981	w	10	l	r	l	m	25	3
8101992752	30.bmp	0.71097	q	7	l	r	l	m	25	3
8101992752	20.bmp	0.5010373	q	9	l	r	l	m	25	3
8101992752	40.bmp	0.6225606	w	2	l	r	l	m	25	3
8101992752	10.bmp	0.6328778	w	13	l	r	l	m	25	3
8101992752	40.bmp	0.6386164	w	1	l	r	l	m	25	3
8101992752	20.bmp	0.6095107	w	4	l	r	l	m	25	3
8101992752	80.bmp	0.4639318	w	4	l	r	l	m	25	3
8101992752	50.bmp	0.6051391	w	12	l	r	l	m	25	3
8101992752	10.bmp	0.6419199	w	1	l	r	l	m	25	3
8101992752	30.bmp	0.5898651	w	2	l	r	l	m	25	3
8101992752	70.bmp	0.5495692	w	11	l	r	l	m	25	3
8101992752	40.bmp	0.661312	o	9	r	r	l	m	25	3
8101992752	70.bmp	0.7562745	o	7	r	r	l	m	25	3
8101992752	70.bmp	0.4870781	o	6	r	r	l	m	25	3
8101992752	30.bmp	0.5656777	p	12	r	r	l	m	25	3
8101992752	40.bmp	0.6206581	o	4	r	r	l	m	25	3
8101992752	60.bmp	0.5332974	o	9	r	r	l	m	25	3
8101992752	30.bmp	0.5153019	o	6	r	r	l	m	25	3
8101992752	40.bmp	0.4296734	o	7	r	r	l	m	25	3
8101992752	80.bmp	0.5520285	p	2	r	r	l	m	25	3
8101992752	10.bmp	0.5774847	p	10	r	r	l	m	25	3
8101992752	60.bmp	0.3731761	o	3	r	r	l	m	25	3
8101992752	70.bmp	0.7466876	p	5	r	r	l	m	25	3
8101992752	50.bmp	0.4896736	o	7	r	r	l	m	25	3
8101992752	80.bmp	0.4064478	o	6	r	r	l	m	25	3
8101992752	40.bmp	0.5142443	o	10	r	r	l	m	25	3
8101992752	60.bmp	0.4064951	p	13	r	r	l	m	25	3
8101992752	70.bmp	0.5932515	o	3	r	r	l	m	25	3
8101992752	20.bmp	0.5455705	o	9	r	r	l	m	25	3
8101992752	50.bmp	0.5059341	o	2	r	r	l	m	25	3
8101992752	50.bmp	0.3971297	o	3	r	r	l	m	25	3
8101992752	0.bmp	0.4305914	o	8	r	r	l	m	25	3
8101992752	80.bmp	0.3423842	p	5	r	r	l	m	25	3
8101992752	50.bmp	0.4388587	p	13	r	r	l	m	25	3
8101992752	60.bmp	0.4810119	p	6	r	r	l	m	25	3
8101992752	10.bmp	0.4675743	o	4	r	r	l	m	25	3
8101992752	50.bmp	0.5526266	p	12	r	r	l	m	25	3
8101992752	20.bmp	0.4761821	p	13	r	r	l	m	25	3
8101992752	20.bmp	0.5259661	p	7	r	r	l	m	25	3
8101992752	60.bmp	0.4809334	o	10	r	r	l	m	25	3
8101992752	20.bmp	0.6805267	p	10	r	r	l	m	25	3
8101992752	30.bmp	0.8721623	p	9	r	r	l	m	25	3
8101992752	30.bmp	0.6570077	p	5	r	r	l	m	25	3
8101992752	30.bmp	0.4109876	p	11	r	r	l	m	25	3
8101992752	60.bmp	0.5474759	o	8	r	r	l	m	25	3
8101992752	20.bmp	0.4704172	p	4	r	r	l	m	25	3
8101992752	50.bmp	0.6322115	p	10	r	r	l	m	25	3
8101992752	80.bmp	0.4197431	p	10	r	r	l	m	25	3
8101992752	40.bmp	0.5487599	p	8	r	r	l	m	25	3
8101992752	30.bmp	0.4949975	p	10	r	r	l	m	25	3
8101992752	70.bmp	0.6822083	p	1	r	r	l	m	25	3
8101992752	80.bmp	0.4368216	p	8	r	r	l	m	25	3
8101992752	40.bmp	0.4944923	p	6	r	r	l	m	25	3
8101992752	70.bmp	0.6217916	p	12	r	r	l	m	25	3
8101992752	70.bmp	0.4975873	p	2	r	r	l	m	25	3
8101992752	10.bmp	0.5571449	p	1	r	r	l	m	25	3
8101992752	0.bmp	0.5683348	p	9	r	r	l	m	25	3
8101992752	0.bmp	0.4415362	p	6	r	r	l	m	25	3
8101992752	80.bmp	0.4892171	p	11	r	r	l	m	25	3
8101992752	40.bmp	0.4770088	p	5	r	r	l	m	25	3
8101992752	80.bmp	0.4250142	p	9	r	r	l	m	25	3
8101992752	40.bmp	0.5572975	p	2	r	r	l	m	25	3
8101992752	10.bmp	0.5245479	p	5	r	r	l	m	25	3
8101992752	30.bmp	0.77524	o	8	r	r	l	m	25	3
8101992752	60.bmp	0.56641	o	2	r	r	l	m	25	3
8101992752	50.bmp	0.8116041	p	1	r	r	l	m	25	3
8101992752	60.bmp	0.6589501	o	11	r	r	l	m	25	3
8101992752	80.bmp	0.5674765	p	3	r	r	l	m	25	3
8101992752	60.bmp	0.445063	p	12	r	r	l	m	25	3
8101992752	40.bmp	0.588668	p	13	r	r	l	m	25	3
8101992752	10.bmp	0.4335538	p	12	r	r	l	m	25	3
8101992752	20.bmp	0.5580372	p	1	r	r	l	m	25	3
8101992752	10.bmp	0.4713539	p	6	r	r	l	m	25	3
8101992752	40.bmp	0.6301523	o	3	r	r	l	m	25	3
8101992752	20.bmp	0.6894177	o	6	r	r	l	m	25	3
8101992752	60.bmp	0.589114	p	1	r	r	l	m	25	3
8101992752	0.bmp	0.5962987	o	3	r	r	l	m	25	3
8101992752	0.bmp	0.4964294	o	4	r	r	l	m	25	3
8101992752	30.bmp	0.456135	o	3	r	r	l	m	25	3
8101992752	80.bmp	0.5627764	o	4	r	r	l	m	25	3
8101992752	50.bmp	0.5236814	o	4	r	r	l	m	25	3
8101992752	10.bmp	0.4080221	o	3	r	r	l	m	25	3
8101992752	20.bmp	0.5661728	p	2	r	r	l	m	25	3
8101992752	0.bmp	0.4621862	p	11	r	r	l	m	25	3
8101992752	30.bmp	0.4121109	p	2	r	r	l	m	25	3
8101992752	80.bmp	0.3993683	p	13	r	r	l	m	25	3
8101992752	10.bmp	0.4276695	p	9	r	r	l	m	25	3
8101992752	10.bmp	0.3316449	o	7	r	r	l	m	25	3
8101992752	30.bmp	0.6213908	p	13	r	r	l	m	25	3
8101992752	70.bmp	0.596945	p	13	r	r	l	m	25	3
8101992752	30.bmp	0.5253947	o	7	r	r	l	m	25	3
8101992752	10.bmp	0.6978868	p	2	r	r	l	m	25	3
8101992752	0.bmp	0.4575562	p	2	r	r	l	m	25	3
8101992752	70.bmp	0.4559245	p	8	r	r	l	m	25	3
8101992752	10.bmp	0.5084998	p	13	r	r	l	m	25	3
8101992752	0.bmp	0.338563	o	5	r	r	l	m	25	3
8101992752	60.bmp	0.306426	p	7	r	r	l	m	25	3
8101992752	70.bmp	0.6728324	o	4	r	r	l	m	25	3
8101992752	30.bmp	0.5506305	p	1	r	r	l	m	25	3
8101992752	20.bmp	0.6430529	o	8	r	r	l	m	25	3
8101992752	10.bmp	0.5923129	p	11	r	r	l	m	25	3
8101992752	80.bmp	0.716126	o	12	r	r	l	m	25	3
8101992752	60.bmp	0.6547902	p	5	r	r	l	m	25	3
8101992752	50.bmp	0.722426	p	5	r	r	l	m	25	3
8101992752	50.bmp	0.532897	p	11	r	r	l	m	25	3
8101992752	70.bmp	0.6514995	o	9	r	r	l	m	25	3
8101992752	50.bmp	0.575412	o	6	r	r	l	m	25	3
8101992752	50.bmp	0.5061284	o	8	r	r	l	m	25	3
8101992752	40.bmp	0.5457707	p	11	r	r	l	m	25	3
8101992752	40.bmp	0.6275783	p	1	r	r	l	m	25	3
8101992752	0.bmp	0.5632307	o	7	r	r	l	m	25	3
8101992752	70.bmp	0.879551	p	11	r	r	l	m	25	3
8101992752	20.bmp	0.6631181	p	11	r	r	l	m	25	3
8101992752	60.bmp	1.1354719	o	4	r	r	l	m	25	3
8101992752	0.bmp	0.59235	p	10	r	r	l	m	25	3
8101992752	0.bmp	0.5548121	p	13	r	r	l	m	25	3
8101992752	20.bmp	0.5913261	p	5	r	r	l	m	25	3
8101992752	20.bmp	0.5451473	p	12	r	r	l	m	25	3
8101992752	20.bmp	0.63435	o	3	r	r	l	m	25	3
8101992752	80.bmp	0.5520745	p	1	r	r	l	m	25	3
8101992752	70.bmp	0.4987435	p	10	r	r	l	m	25	3
8101992752	50.bmp	0.6425021	o	9	r	r	l	m	25	3
8101992752	40.bmp	0.5597565	p	12	r	r	l	m	25	3
8101992752	0.bmp	0.5890747	p	12	r	r	l	m	25	3
8101992752	0.bmp	0.6404764	p	1	r	r	l	m	25	3
8101992752	10.bmp	0.6877521	o	8	r	r	l	m	25	3
8101992752	80.bmp	0.6635946	o	7	r	r	l	m	25	3
8101992752	30.bmp	0.5782195	o	4	r	r	l	m	25	3
8101992752	30.bmp	0.7039426	p	6	r	r	l	m	25	3
8101992752	50.bmp	0.844111	o	7	r	r	l	m	25	3
8101992752	70.bmp	0.4880728	o	7	r	r	l	m	25	3
8101992752	40.bmp	0.4402158	o	7	r	r	l	m	25	3
8101992752	50.bmp	0.530037	o	8	r	r	l	m	25	3
8101992752	20.bmp	0.4678423	o	9	r	r	l	m	25	3
8101992752	50.bmp	0.5219257	p	5	r	r	l	m	25	3
8101992752	70.bmp	0.5308179	o	3	r	r	l	m	25	3
8101992752	30.bmp	0.4834671	p	11	r	r	l	m	25	3
8101992752	50.bmp	0.6491314	p	13	r	r	l	m	25	3
8101992752	30.bmp	0.5471534	p	2	r	r	l	m	25	3
8101992752	40.bmp	0.594396	p	1	r	r	l	m	25	3
8101992752	60.bmp	0.4919559	p	2	r	r	l	m	25	3
8101992752	50.bmp	0.6062304	o	9	r	r	l	m	25	3
8101992752	20.bmp	0.6479629	o	13	r	r	l	m	25	3
8101992752	60.bmp	0.6787695	p	8	r	r	l	m	25	3
8101992752	70.bmp	0.7046592	o	4	r	r	l	m	25	3
8101992752	80.bmp	0.7064047	o	7	r	r	l	m	25	3
8101992752	0.bmp	0.4784152	o	3	r	r	l	m	25	3
8101992752	10.bmp	0.5461371	p	1	r	r	l	m	25	3
8101992752	50.bmp	0.504726	p	11	r	r	l	m	25	3
8101992752	20.bmp	0.6486419	o	4	r	r	l	m	25	3
8101992752	10.bmp	0.8378174	p	10	r	r	l	m	25	3
8101992752	40.bmp	0.5148756	p	2	r	r	l	m	25	3
8101992752	0.bmp	0.7328199	o	6	r	r	l	m	25	3
8101992752	0.bmp	0.7278396	o	4	r	r	l	m	25	3
8101992752	40.bmp	0.6033933	p	13	r	r	l	m	25	3
8101992752	20.bmp	0.8704078	p	10	r	r	l	m	25	3
8101992752	70.bmp	0.5351259	p	6	r	r	l	m	25	3
8101992752	80.bmp	0.4678521	p	5	r	r	l	m	25	3
8101992752	10.bmp	0.8388313	p	5	r	r	l	m	25	3
8101992752	0.bmp	0.4738263	p	13	r	r	l	m	25	3
8101992752	30.bmp	0.5568837	p	10	r	r	l	m	25	3
8101992752	20.bmp	0.4854663	p	11	r	r	l	m	25	3
8101992752	50.bmp	0.5338182	p	12	r	r	l	m	25	3
8101992752	60.bmp	0.438064	p	5	r	r	l	m	25	3
8101992752	60.bmp	0.6437948	o	3	r	r	l	m	25	3
8101992752	40.bmp	0.6091899	p	11	r	r	l	m	25	3
8101992752	50.bmp	0.5873522	o	10	r	r	l	m	25	3
8101992752	40.bmp	0.4056182	p	9	r	r	l	m	25	3
8101992752	70.bmp	0.7272294	p	13	r	r	l	m	25	3
8101992752	20.bmp	0.5992845	p	7	r	r	l	m	25	3
8101992752	70.bmp	0.5012208	o	9	r	r	l	m	25	3
8101992752	20.bmp	0.7344831	o	6	r	r	l	m	25	3
8101992752	20.bmp	0.6434108	p	5	r	r	l	m	25	3
8101992752	0.bmp	0.4966634	p	12	r	r	l	m	25	3
8101992752	60.bmp	0.5582337	p	7	r	r	l	m	25	3
8101992752	10.bmp	0.5079757	p	13	r	r	l	m	25	3
8101992752	20.bmp	0.4061985	p	8	r	r	l	m	25	3
8101992752	30.bmp	0.4325732	p	5	r	r	l	m	25	3
8101992752	40.bmp	0.4321493	o	6	r	r	l	m	25	3
8101992752	50.bmp	0.5412665	p	1	r	r	l	m	25	3
8101992752	0.bmp	0.6277608	o	8	r	r	l	m	25	3
8101992752	10.bmp	0.5291682	o	9	r	r	l	m	25	3
8101992752	60.bmp	0.6303274	p	11	r	r	l	m	25	3
8101992752	0.bmp	0.5940845	p	5	r	r	l	m	25	3
8101992752	80.bmp	0.6022543	o	4	r	r	l	m	25	3
8101992752	60.bmp	0.7032598	o	10	r	r	l	m	25	3
8101992752	50.bmp	0.6464762	p	2	r	r	l	m	25	3
8101992752	50.bmp	0.7302288	o	3	r	r	l	m	25	3
8101992752	0.bmp	0.6470396	p	11	r	r	l	m	25	3
8101992752	0.bmp	0.6236634	o	9	r	r	l	m	25	3
8101992752	40.bmp	0.6142666	o	3	r	r	l	m	25	3
8101992752	60.bmp	0.5102397	o	6	r	r	l	m	25	3
8101992752	10.bmp	0.4745335	o	3	r	r	l	m	25	3
8101992752	40.bmp	0.4967879	o	4	r	r	l	m	25	3
8101992752	80.bmp	0.4527522	o	3	r	r	l	m	25	3
8101992752	10.bmp	0.4910034	o	7	r	r	l	m	25	3
8101992752	70.bmp	0.7424825	p	1	r	r	l	m	25	3
8101992752	10.bmp	0.7140558	p	4	r	r	l	m	25	3
8101992752	30.bmp	1.3967799	p	13	r	r	l	m	25	3
8101992752	70.bmp	0.6441852	p	12	r	r	l	m	25	3
8101992752	10.bmp	0.6679302	o	11	r	r	l	m	25	3
8101992752	80.bmp	0.7040816	p	1	r	r	l	m	25	3
8101992752	60.bmp	0.6357097	o	9	r	r	l	m	25	3
8101992752	0.bmp	0.688056	o	2	r	r	l	m	25	3
8101992752	70.bmp	0.5179463	p	11	r	r	l	m	25	3
8101992752	80.bmp	0.560091	o	13	r	r	l	m	25	3
8101992752	0.bmp	0.6171241	p	10	r	r	l	m	25	3
8101992752	0.bmp	0.4189011	o	1	r	r	l	m	25	3
8101992752	80.bmp	0.5821593	p	10	r	r	l	m	25	3
8101992752	30.bmp	0.4028158	o	9	r	r	l	m	25	3
8101992752	70.bmp	0.8712859	o	10	r	r	l	m	25	3
8101992752	60.bmp	0.9125727	p	4	r	r	l	m	25	3
8101992752	20.bmp	0.646308	p	1	r	r	l	m	25	3
8101992752	30.bmp	0.6743098	o	7	r	r	l	m	25	3
8101992752	20.bmp	0.4898435	o	12	r	r	l	m	25	3
8101992752	80.bmp	0.5885806	o	12	r	r	l	m	25	3
8101992752	40.bmp	0.4811711	o	5	r	r	l	m	25	3
8101992752	30.bmp	0.4718659	p	4	r	r	l	m	25	3
8101992752	30.bmp	0.6168125	o	3	r	r	l	m	25	3
8101992752	80.bmp	0.6418116	o	2	r	r	l	m	25	3
8101992752	10.bmp	0.5978462	o	12	r	r	l	m	25	3
8101992752	0.bmp	0.7583542	p	7	r	r	l	m	25	3
8101992752	30.bmp	0.6067135	o	8	r	r	l	m	25	3
8101992752	80.bmp	0.5738383	p	11	r	r	l	m	25	3
8101992752	80.bmp	0.6487868	o	6	r	r	l	m	25	3
8101992752	40.bmp	0.4940171	o	12	r	r	l	m	25	3
8101992752	60.bmp	0.4923784	o	1	r	r	l	m	25	3
8101992752	70.bmp	0.409091	o	5	r	r	l	m	25	3
8101992752	60.bmp	0.5141928	o	13	r	r	l	m	25	3
8101992752	10.bmp	0.4146059	o	2	r	r	l	m	25	3
8101992752	70.bmp	0.2858603	p	2	r	r	l	m	25	3
8101992752	60.bmp	0.546047	o	12	r	r	l	m	25	3
8101992752	30.bmp	0.3742625	o	1	r	r	l	m	25	3
8101992752	20.bmp	0.3602074	p	3	r	r	l	m	25	3
8101992752	30.bmp	0.3999971	o	12	r	r	l	m	25	3
8101992752	50.bmp	0.5346317	o	4	r	r	l	m	25	3
8101992752	10.bmp	0.3734728	p	8	r	r	l	m	25	3
8101992752	40.bmp	0.4258799	p	8	r	r	l	m	25	3
8101992752	70.bmp	0.355355	p	8	r	r	l	m	25	3
8101992752	80.bmp	0.4376473	o	9	r	r	l	m	25	3
8101992752	40.bmp	0.4316473	o	10	r	r	l	m	25	3
8101992752	50.bmp	0.4254311	p	6	r	r	l	m	25	3
8101992752	80.bmp	0.5260563	p	8	r	r	l	m	25	3
8101992752	20.bmp	0.6180988	p	2	r	r	l	m	25	3
8101992752	10.bmp	0.422151	o	6	r	r	l	m	25	3
8101992752	40.bmp	0.5656632	o	9	r	r	l	m	25	3
8101992752	10.bmp	0.4482071	o	10	r	r	l	m	25	3
8101992752	20.bmp	0.5913677	o	6	r	r	l	m	25	3
8101992752	50.bmp	0.5095406	p	5	r	r	l	m	25	3
8101992752	70.bmp	0.6447536	p	5	r	r	l	m	25	3
8101992752	60.bmp	0.462578	p	5	r	r	l	m	25	3
8101992752	70.bmp	0.4241038	o	12	r	r	l	m	25	3
8101992752	30.bmp	0.399864	o	13	r	r	l	m	25	3
8101992752	70.bmp	0.5059458	o	1	r	r	l	m	25	3
8101992752	40.bmp	0.5322832	o	8	r	r	l	m	25	3
8101992752	50.bmp	0.5634832	o	10	r	r	l	m	25	3
8101992752	30.bmp	0.4823039	o	3	r	r	l	m	25	3
8101992752	80.bmp	0.4101592	o	7	r	r	l	m	25	3
8101992752	10.bmp	0.5110599	p	13	r	r	l	m	25	3
8101992752	50.bmp	0.5643516	o	3	r	r	l	m	25	3
8101992752	70.bmp	0.5996193	o	11	r	r	l	m	25	3
8101992752	30.bmp	0.4617635	o	1	r	r	l	m	25	3
8101992752	80.bmp	0.5828666	p	4	r	r	l	m	25	3
8101992752	40.bmp	0.8581017	o	6	r	r	l	m	25	3
8101992752	70.bmp	0.4801367	o	6	r	r	l	m	25	3
8101992752	20.bmp	0.6031543	o	13	r	r	l	m	25	3
8101992752	60.bmp	0.4022701	o	7	r	r	l	m	25	3
8101992752	50.bmp	0.4099113	o	2	r	r	l	m	25	3
8101992752	0.bmp	0.592815	p	10	r	r	l	m	25	3
8101992752	80.bmp	0.5800403	o	10	r	r	l	m	25	3
8101992752	60.bmp	0.5957852	p	10	r	r	l	m	25	3
8101992752	80.bmp	0.6115732	o	5	r	r	l	m	25	3
8101992752	10.bmp	0.4833008	p	7	r	r	l	m	25	3
8101992752	20.bmp	0.4045393	o	3	r	r	l	m	25	3
8101992752	30.bmp	0.4361754	o	10	r	r	l	m	25	3
8101992752	70.bmp	0.4264277	o	2	r	r	l	m	25	3
8101992752	0.bmp	0.4972121	p	11	r	r	l	m	25	3
8101992752	10.bmp	0.590741	p	8	r	r	l	m	25	3
8101992752	20.bmp	0.4914624	p	7	r	r	l	m	25	3
8101992752	0.bmp	0.5605869	p	13	r	r	l	m	25	3
8101992752	40.bmp	0.6405618	o	11	r	r	l	m	25	3
8101992752	70.bmp	0.7304201	o	9	r	r	l	m	25	3
8101992752	60.bmp	0.5393934	o	3	r	r	l	m	25	3
8101992752	0.bmp	0.6350691	p	3	r	r	l	m	25	3
8101992752	20.bmp	0.4479169	p	2	r	r	l	m	25	3
8101992752	40.bmp	0.7110787	o	3	r	r	l	m	25	3
8101992752	80.bmp	0.6086437	p	11	r	r	l	m	25	3
8101992752	30.bmp	0.5557709	p	2	r	r	l	m	25	3
8101992752	40.bmp	0.640437	o	2	r	r	l	m	25	3
8101992752	0.bmp	0.3560524	p	2	r	r	l	m	25	3
8101992752	40.bmp	0.4585875	p	5	r	r	l	m	25	3
8101992752	0.bmp	0.4012251	p	6	r	r	l	m	25	3
8101992752	0.bmp	0.3580682	p	8	r	r	l	m	25	3
8101992752	0.bmp	0.4431181	p	1	r	r	l	m	25	3
8101992752	0.bmp	0.6288582	o	9	r	r	l	m	25	3
8101992752	60.bmp	0.6841463	o	13	r	r	l	m	25	3
8101992752	10.bmp	0.5790229	o	5	r	r	l	m	25	3
8101992752	50.bmp	0.6332252	o	6	r	r	l	m	25	3
8101992752	0.bmp	0.6820607	p	4	r	r	l	m	25	3
8101992752	40.bmp	0.6516145	o	10	r	r	l	m	25	3
8101992752	20.bmp	0.7803347	o	8	r	r	l	m	25	3
8101992752	10.bmp	0.5098836	p	4	r	r	l	m	25	3
8101992752	70.bmp	0.7475777	p	10	r	r	l	m	25	3
8101992752	50.bmp	0.6003373	p	8	r	r	l	m	25	3
8101992752	0.bmp	0.6449751	p	5	r	r	l	m	25	3
8101992752	20.bmp	0.4271846	p	5	r	r	l	m	25	3
8101992752	20.bmp	0.7398591	o	9	r	r	l	m	25	3
8101992752	20.bmp	0.6905435	o	1	r	r	l	m	25	3
8101992752	0.bmp	0.521411	o	7	r	r	l	m	25	3
8101992752	70.bmp	0.5162381	o	4	r	r	l	m	25	3
8101992752	50.bmp	0.6138248	o	13	r	r	l	m	25	3
8101992752	80.bmp	0.4820847	o	12	r	r	l	m	25	3
8101992752	60.bmp	0.4660429	o	11	r	r	l	m	25	3
8101992752	20.bmp	0.5692028	o	4	r	r	l	m	25	3
8101992752	30.bmp	0.4092979	o	4	r	r	l	m	25	3
8101992752	50.bmp	0.6150715	o	11	r	r	l	m	25	3
8101992752	80.bmp	1.0201143	o	3	r	r	l	m	25	3
8101992752	80.bmp	0.8065148	o	13	r	r	l	m	25	3
8101992752	10.bmp	0.4599158	o	6	r	r	l	m	25	3
8101992752	60.bmp	0.4291754	o	9	r	r	l	m	25	3
8101992752	80.bmp	0.4176146	o	8	r	r	l	m	25	3
8101992752	30.bmp	0.404728	o	5	r	r	l	m	25	3
8101992752	40.bmp	0.3062855	p	12	r	r	l	m	25	3
8101992752	40.bmp	0.6449947	p	13	r	r	l	m	25	3
8101992752	70.bmp	0.328526	o	7	r	r	l	m	25	3
8101992752	10.bmp	0.3499964	o	11	r	r	l	m	25	3
8101992752	10.bmp	0.3554858	p	2	r	r	l	m	25	3
8101992752	30.bmp	0.3551604	p	9	r	r	l	m	25	3
8101992752	30.bmp	0.2879783	o	6	r	r	l	m	25	3
8101992752	30.bmp	0.3110634	p	8	r	r	l	m	25	3
8101992752	70.bmp	0.528435	p	13	r	r	l	m	25	3
8101992752	60.bmp	0.3326861	o	1	r	r	l	m	25	3
8101992752	10.bmp	0.4927544	p	3	r	r	l	m	25	3
8101992752	10.bmp	0.3835476	p	1	r	r	l	m	25	3
8101992752	60.bmp	0.4740771	p	4	r	r	l	m	25	3
8101992752	30.bmp	0.5624711	p	12	r	r	l	m	25	3
8101992752	20.bmp	0.4729832	p	10	r	r	l	m	25	3
8101992752	0.bmp	0.3302295	o	12	r	r	l	m	25	3
8101992752	80.bmp	0.2875079	p	2	r	r	l	m	25	3
8101992752	70.bmp	0.5680502	p	3	r	r	l	m	25	3
8101992752	40.bmp	0.5409666	p	4	r	r	l	m	25	3
8101992752	50.bmp	0.4225838	p	12	r	r	l	m	25	3
8101992752	10.bmp	0.4179361	p	9	r	r	l	m	25	3
8101992752	50.bmp	0.2039009	o	1	r	r	l	m	25	3
8101992752	20.bmp	0.556361	o	11	r	r	l	m	25	3
8101992752	50.bmp	0.4186727	o	4	r	r	l	m	25	3
8101992752	30.bmp	0.6183741	o	11	r	r	l	m	25	3
8101992752	70.bmp	1.0442464	o	8	r	r	l	m	25	3
8101992752	20.bmp	0.3876823	o	12	r	r	l	m	25	3
8101992752	80.bmp	0.3688137	o	1	r	r	l	m	25	3
8101992752	50.bmp	0.2747436	p	7	r	r	l	m	25	3
8101992752	40.bmp	0.2752904	o	1	r	r	l	m	25	3
8101992752	60.bmp	0.3571464	p	2	r	r	l	m	25	3
8101992752	60.bmp	0.3831904	p	8	r	r	l	m	25	3
8101992752	40.bmp	0.4675446	p	7	r	r	l	m	25	3
8101992752	80.bmp	0.6262376	o	6	r	r	l	m	25	3
8101992752	10.bmp	0.7550273	p	12	r	r	l	m	25	3
8101992752	30.bmp	0.4970433	o	7	r	r	l	m	25	3
8101992752	50.bmp	0.599579	p	9	r	r	l	m	25	3
8101992752	80.bmp	0.5901287	p	9	r	r	l	m	25	3
8101992752	60.bmp	0.6870362	p	12	r	r	l	m	25	3
8101992752	60.bmp	0.6022893	o	6	r	r	l	m	25	3
8101992752	20.bmp	0.8783812	p	13	r	r	l	m	25	3
8101992752	40.bmp	0.7383025	o	9	r	r	l	m	25	3
8101992752	40.bmp	0.4795047	o	10	r	r	l	m	25	3
8101992752	50.bmp	0.481462	o	13	r	r	l	m	25	3
8101992752	20.bmp	0.5014695	o	6	r	r	l	m	25	3
8101992752	60.bmp	0.5615697	p	4	r	r	l	m	25	3
8101992752	60.bmp	0.533477	p	10	r	r	l	m	25	3
8101992752	80.bmp	0.6514702	p	3	r	r	l	m	25	3
8101992752	70.bmp	0.3675101	p	3	r	r	l	m	25	3
8101992752	80.bmp	0.3024172	p	9	r	r	l	m	25	3
8101992752	20.bmp	0.3037818	p	3	r	r	l	m	25	3
8101992752	80.bmp	0.2910685	p	2	r	r	l	m	25	3
8101992752	80.bmp	0.5472577	o	11	r	r	l	m	25	3
8101992752	20.bmp	0.635257	p	5	r	r	l	m	25	3
8101992752	70.bmp	0.4836254	o	11	r	r	l	m	25	3
8101992752	30.bmp	0.8725809	p	5	r	r	l	m	25	3
8101992752	30.bmp	0.6307087	o	2	r	r	l	m	25	3
8101992752	30.bmp	0.4580939	p	8	r	r	l	m	25	3
8101992752	40.bmp	0.5329059	p	1	r	r	l	m	25	3
8101992752	50.bmp	0.4860772	p	2	r	r	l	m	25	3
8101992752	40.bmp	0.3114399	p	8	r	r	l	m	25	3
8101992752	70.bmp	0.2713993	o	13	r	r	l	m	25	3
8101992752	10.bmp	0.2803791	p	13	r	r	l	m	25	3
8101992752	10.bmp	0.5470308	p	9	r	r	l	m	25	3
8101992752	60.bmp	0.3858202	o	8	r	r	l	m	25	3
8101992752	30.bmp	0.5881656	o	12	r	r	l	m	25	3
8101992752	60.bmp	0.4191038	p	1	r	r	l	m	25	3
8101992752	10.bmp	0.3683944	p	12	r	r	l	m	25	3
8101992752	40.bmp	0.5566797	p	12	r	r	l	m	25	3
8101992752	60.bmp	0.453154	p	7	r	r	l	m	25	3
8101992752	0.bmp	0.5996232	o	12	r	r	l	m	25	3
8101992752	60.bmp	0.5960221	p	11	r	r	l	m	25	3
8101992752	80.bmp	0.5464355	p	4	r	r	l	m	25	3
8101992752	80.bmp	1.1322943	p	13	r	r	l	m	25	3
8101992752	50.bmp	0.5285072	p	6	r	r	l	m	25	3
8101992752	0.bmp	0.6122131	p	8	r	r	l	m	25	3
8101992752	80.bmp	0.5332416	p	6	r	r	l	m	25	3
8101992752	70.bmp	0.6454262	o	12	r	r	l	m	25	3
8101992752	50.bmp	0.7474474	o	7	r	r	l	m	25	3
8101992752	50.bmp	0.6373778	o	11	r	r	l	m	25	3
8101992752	50.bmp	0.623751	p	9	r	r	l	m	25	3
8101992752	0.bmp	0.5055722	o	10	r	r	l	m	25	3
8101992752	70.bmp	0.5627096	p	8	r	r	l	m	25	3
8101992752	40.bmp	0.8005147	p	6	r	r	l	m	25	3
8101992752	40.bmp	0.7642285	o	11	r	r	l	m	25	3
8101992752	70.bmp	0.6903467	o	7	r	r	l	m	25	3
8101992752	10.bmp	0.5618623	o	10	r	r	l	m	25	3
8101992752	60.bmp	0.3832692	p	13	r	r	l	m	25	3
8101992752	20.bmp	0.3958998	o	8	r	r	l	m	25	3
8101992752	30.bmp	0.4821561	o	9	r	r	l	m	25	3
8101992752	80.bmp	0.5192159	o	12	r	r	l	m	25	3
8101992752	60.bmp	0.6074841	p	5	r	r	l	m	25	3
8101992752	10.bmp	0.6267885	o	3	r	r	l	m	25	3
8101992752	20.bmp	0.56798	p	10	r	r	l	m	25	3
8101992752	20.bmp	0.5456639	o	11	r	r	l	m	25	3
8101992752	40.bmp	0.4575573	o	7	r	r	l	m	25	3
8101992752	70.bmp	0.5992436	o	2	r	r	l	m	25	3
8101992752	40.bmp	0.5567679	o	3	r	r	l	m	25	3
8101992752	20.bmp	0.4629133	o	9	r	r	l	m	25	3
8101992752	80.bmp	0.6172268	o	1	r	r	l	m	25	3
8101992752	70.bmp	0.3823815	p	6	r	r	l	m	25	3
8101992752	40.bmp	0.4255733	o	5	r	r	l	m	25	3
8101992752	0.bmp	0.5168647	p	11	r	r	l	m	25	3
8101992752	80.bmp	0.4243977	p	10	r	r	l	m	25	3
8101992752	10.bmp	0.3724045	o	8	r	r	l	m	25	3
8101992752	0.bmp	0.6165739	o	13	r	r	l	m	25	3
8101992752	60.bmp	0.9570637	p	2	r	r	l	m	25	3
8101992752	0.bmp	0.5389224	o	3	r	r	l	m	25	3
8101992752	70.bmp	0.675369	p	10	r	r	l	m	25	3
8101992752	0.bmp	0.4911201	o	9	r	r	l	m	25	3
8101992752	0.bmp	0.5352044	o	6	r	r	l	m	25	3
8101992752	60.bmp	0.4125865	o	9	r	r	l	m	25	3
8101992752	70.bmp	0.3999166	o	9	r	r	l	m	25	3
8101992752	50.bmp	0.610328	p	10	r	r	l	m	25	3
8101992752	10.bmp	0.6151969	o	7	r	r	l	m	25	3
8101992752	40.bmp	0.466375	o	4	r	r	l	m	25	3
8101992752	80.bmp	0.4882411	o	7	r	r	l	m	25	3
8101992752	30.bmp	0.5574094	o	13	r	r	l	m	25	3
8101992752	30.bmp	0.4727633	o	4	r	r	l	m	25	3
8101992752	60.bmp	0.4278912	o	3	r	r	l	m	25	3
8101992752	10.bmp	0.6010164	p	2	r	r	l	m	25	3
8101992752	50.bmp	0.5309203	p	5	r	r	l	m	25	3
8101992752	10.bmp	0.5460599	p	6	r	r	l	m	25	3
8101992752	60.bmp	0.4325471	p	6	r	r	l	m	25	3
8101992752	40.bmp	0.5050431	p	13	r	r	l	m	25	3
8101992752	30.bmp	0.3186665	o	1	r	r	l	m	25	3
8101992752	0.bmp	0.4037052	p	2	r	r	l	m	25	3
8101992752	60.bmp	0.4266038	p	12	r	r	l	m	25	3
8101992752	50.bmp	0.5070292	o	3	r	r	l	m	25	3
8101992752	20.bmp	0.6141662	p	12	r	r	l	m	25	3
8101992752	30.bmp	0.5373	o	6	r	r	l	m	25	3
8101992752	50.bmp	0.5696176	p	4	r	r	l	m	25	3
8101992752	20.bmp	0.5955887	o	7	r	r	l	m	25	3
8101992752	0.bmp	0.6281661	p	1	r	r	l	m	25	3
8101992752	50.bmp	0.695935	p	12	r	r	l	m	25	3
8101992752	20.bmp	0.5000522	p	2	r	r	l	m	25	3
8101992752	30.bmp	0.4461935	p	3	r	r	l	m	25	3
8101992752	70.bmp	0.6929135	p	1	r	r	l	m	25	3
8101992752	20.bmp	0.4789872	p	1	r	r	l	m	25	3
8101992752	50.bmp	0.4631616	p	8	r	r	l	m	25	3
8101992752	40.bmp	0.4078386	p	2	r	r	l	m	25	3
8101992752	10.bmp	0.3433379	p	5	r	r	l	m	25	3
8101992752	0.bmp	0.3820642	p	4	r	r	l	m	25	3
8101992752	70.bmp	0.4197407	p	4	r	r	l	m	25	3
8101992752	0.bmp	0.5474798	p	7	r	r	l	m	25	3
8101992752	10.bmp	0.3561275	o	11	r	r	l	m	25	3
8101992752	80.bmp	0.2701111	p	8	r	r	l	m	25	3
8101992752	30.bmp	0.6517082	o	11	r	r	l	m	25	3
8101992752	30.bmp	0.5764307	p	7	r	r	l	m	25	3
8101992752	50.bmp	0.5419824	p	1	r	r	l	m	25	3
8101992752	30.bmp	0.5165482	p	10	r	r	l	m	25	3
8101992752	20.bmp	0.6035546	o	4	r	r	l	m	25	3
8101992752	80.bmp	0.662829	o	5	r	r	l	m	25	3
8101992752	10.bmp	0.5239269	p	1	r	r	l	m	25	3
8101992752	10.bmp	0.6152899	o	4	r	r	l	m	25	3
8101992752	0.bmp	0.6727856	o	5	r	r	l	m	25	3
8101992752	70.bmp	0.5690831	p	5	r	r	l	m	25	3
8101992752	60.bmp	0.4956752	q	2	l	r	l	m	25	3
8101992752	80.bmp	0.4661551	q	9	l	r	l	m	25	3
8101992752	40.bmp	0.7260072	w	12	l	r	l	m	25	3
8101992752	40.bmp	0.6289447	w	5	l	r	l	m	25	3
8101992752	20.bmp	0.8287359	w	3	l	r	l	m	25	3
8101992752	10.bmp	0.6666087	q	6	l	r	l	m	25	3
8101992752	30.bmp	0.8279827	w	7	l	r	l	m	25	3
8101992752	70.bmp	0.7569673	q	4	l	r	l	m	25	3
8101992752	40.bmp	0.6975324	w	10	l	r	l	m	25	3
8101992752	0.bmp	0.6628268	w	10	l	r	l	m	25	3
8101992752	40.bmp	0.6575245	w	2	l	r	l	m	25	3
8101992752	60.bmp	0.5778025	w	7	l	r	l	m	25	3
8101992752	30.bmp	0.4525033	w	4	l	r	l	m	25	3
8101992752	40.bmp	0.4828944	w	11	l	r	l	m	25	3
8101992752	30.bmp	0.4656582	w	12	l	r	l	m	25	3
8101992752	40.bmp	0.502169	w	9	l	r	l	m	25	3
8101992752	0.bmp	0.4774017	w	11	l	r	l	m	25	3
8101992752	10.bmp	0.5803185	w	8	l	r	l	m	25	3
8101992752	10.bmp	0.5194495	w	1	l	r	l	m	25	3
8101992752	10.bmp	0.4375764	w	5	l	r	l	m	25	3
8101992752	60.bmp	0.4035528	w	5	l	r	l	m	25	3
8101992752	50.bmp	0.5129643	q	8	l	r	l	m	25	3
8101992752	70.bmp	0.4516776	q	7	l	r	l	m	25	3
8101992752	40.bmp	0.5136455	q	4	l	r	l	m	25	3
8101992752	10.bmp	0.4962086	w	7	l	r	l	m	25	3
8101992752	20.bmp	0.7380599	q	10	l	r	l	m	25	3
8101992752	40.bmp	0.8303126	w	6	l	r	l	m	25	3
8101992752	80.bmp	0.5337954	q	13	l	r	l	m	25	3
8101992752	10.bmp	0.6153202	w	11	l	r	l	m	25	3
8101992752	70.bmp	0.7205201	q	8	l	r	l	m	25	3
8101992752	10.bmp	0.7171121	w	13	l	r	l	m	25	3
8101992752	30.bmp	0.4536279	w	6	l	r	l	m	25	3
8101992752	60.bmp	0.4886558	w	10	l	r	l	m	25	3
8101992752	20.bmp	0.5331944	w	4	l	r	l	m	25	3
8101992752	60.bmp	0.8260009	w	3	l	r	l	m	25	3
8101992752	70.bmp	0.4747063	w	3	l	r	l	m	25	3
8101992752	60.bmp	0.4811278	w	9	l	r	l	m	25	3
8101992752	50.bmp	0.4195039	w	4	l	r	l	m	25	3
8101992752	60.bmp	0.4409071	w	4	l	r	l	m	25	3
8101992752	10.bmp	0.4161884	w	9	l	r	l	m	25	3
8101992752	80.bmp	0.4495943	w	4	l	r	l	m	25	3
8101992752	50.bmp	0.4172685	w	9	l	r	l	m	25	3
8101992752	50.bmp	0.503771	w	13	l	r	l	m	25	3
8101992752	20.bmp	0.372881	w	13	l	r	l	m	25	3
8101992752	20.bmp	0.4043938	w	8	l	r	l	m	25	3
8101992752	60.bmp	0.6881603	w	11	l	r	l	m	25	3
8101992752	30.bmp	0.7091888	q	11	l	r	l	m	25	3
8101992752	0.bmp	1.5466872	q	3	l	r	l	m	25	3
8101992752	0.bmp	0.5720813	q	1	l	r	l	m	25	3
8101992752	70.bmp	0.6942593	w	1	l	r	l	m	25	3
8101992752	30.bmp	0.6287946	w	10	l	r	l	m	25	3
8101992752	30.bmp	0.6172131	w	3	l	r	l	m	25	3
8101992752	20.bmp	0.876079	q	12	l	r	l	m	25	3
8101992752	20.bmp	0.788908	w	1	l	r	l	m	25	3
8101992752	60.bmp	0.7229371	q	6	l	r	l	m	25	3
8101992752	60.bmp	0.6399818	q	1	l	r	l	m	25	3
8101992752	80.bmp	0.5978498	w	6	l	r	l	m	25	3
8101992752	60.bmp	0.9544304	w	8	l	r	l	m	25	3
8101992752	70.bmp	0.5613244	q	6	l	r	l	m	25	3
8101992752	70.bmp	0.5718728	w	11	l	r	l	m	25	3
8101992752	50.bmp	0.7036109	w	11	l	r	l	m	25	3
8101992752	20.bmp	0.6310624	q	7	l	r	l	m	25	3
8101992752	0.bmp	1.3385216	w	9	l	r	l	m	25	3
8101992752	50.bmp	0.60196	q	10	l	r	l	m	25	3
8101992752	50.bmp	1.0060533	w	1	l	r	l	m	25	3
8101992752	30.bmp	0.6437274	w	8	l	r	l	m	25	3
8101992752	80.bmp	0.7865794	w	12	l	r	l	m	25	3
8101992752	0.bmp	0.547106	w	4	l	r	l	m	25	3
8101992752	80.bmp	0.6263257	w	10	l	r	l	m	25	3
8101992752	70.bmp	0.6277934	w	2	l	r	l	m	25	3
8101992752	10.bmp	0.4162813	w	3	l	r	l	m	25	3
8101992752	50.bmp	0.7700371	q	3	l	r	l	m	25	3
8101992752	30.bmp	0.5920993	q	2	l	r	l	m	25	3
8101992752	80.bmp	0.6500358	q	11	l	r	l	m	25	3
8101992752	30.bmp	0.4331148	q	1	l	r	l	m	25	3
8101992752	50.bmp	0.6094356	w	5	l	r	l	m	25	3
8101992752	50.bmp	0.7218382	q	2	l	r	l	m	25	3
8101992752	50.bmp	0.6471142	q	6	l	r	l	m	25	3
8101992752	80.bmp	1.0751905	q	5	l	r	l	m	25	3
8101992752	0.bmp	0.6498677	w	2	l	r	l	m	25	3
8101992752	50.bmp	0.6338064	q	7	l	r	l	m	25	3
8101992752	70.bmp	0.6586316	w	10	l	r	l	m	25	3
8101992752	40.bmp	0.7532194	w	1	l	r	l	m	25	3
8101992752	10.bmp	0.5949786	q	2	l	r	l	m	25	3
8101992752	70.bmp	0.7423686	w	9	l	r	l	m	25	3
8101992752	70.bmp	0.640674	q	5	l	r	l	m	25	3
8101992752	60.bmp	0.4858382	q	13	l	r	l	m	25	3
8101992752	70.bmp	0.5600741	q	13	l	r	l	m	25	3
8101992752	30.bmp	0.9561135	w	5	l	r	l	m	25	3
8101992752	20.bmp	0.561649	q	9	l	r	l	m	25	3
8101992752	20.bmp	0.6422881	w	11	l	r	l	m	25	3
8101992752	60.bmp	0.5856146	q	12	l	r	l	m	25	3
8101992752	0.bmp	0.711875	q	12	l	r	l	m	25	3
8101992752	0.bmp	0.8211062	q	8	l	r	l	m	25	3
8101992752	30.bmp	0.6761247	w	13	l	r	l	m	25	3
8101992752	10.bmp	1.0094619	q	4	l	r	l	m	25	3
8101992752	20.bmp	0.9420391	q	6	l	r	l	m	25	3
8101992752	10.bmp	0.5252659	w	10	l	r	l	m	25	3
8101992752	10.bmp	0.7203615	q	12	l	r	l	m	25	3
8101992752	40.bmp	0.9283385	q	13	l	r	l	m	25	3
8101992752	0.bmp	0.77614	q	6	l	r	l	m	25	3
8101992752	40.bmp	0.5637435	q	3	l	r	l	m	25	3
8101992752	50.bmp	0.7521298	w	12	l	r	l	m	25	3
8101992752	30.bmp	0.5724477	w	9	l	r	l	m	25	3
8101992752	0.bmp	0.6154205	q	7	l	r	l	m	25	3
8101992752	80.bmp	0.4976094	q	3	l	r	l	m	25	3
8101992752	80.bmp	1.0592844	q	2	l	r	l	m	25	3
8101992752	20.bmp	0.6234194	w	2	l	r	l	m	25	3
8101992752	80.bmp	0.5955196	q	8	l	r	l	m	25	3
8101992752	80.bmp	0.7020836	w	1	l	r	l	m	25	3
8101992752	80.bmp	0.6205193	q	7	l	r	l	m	25	3
8101992752	0.bmp	0.6138562	w	13	l	r	l	m	25	3
8101992752	40.bmp	0.6451102	q	8	l	r	l	m	25	3
8101992752	20.bmp	0.6586637	w	5	l	r	l	m	25	3
8101992752	70.bmp	0.7140857	w	12	l	r	l	m	25	3
8101992752	0.bmp	0.5958724	w	5	l	r	l	m	25	3
8101992752	40.bmp	0.4659775	q	7	l	r	l	m	25	3
8101992752	0.bmp	0.6334127	w	2	l	r	l	m	25	3
8101992752	40.bmp	1.0263918	q	12	l	r	l	m	25	3
8101992752	60.bmp	0.6968216	q	1	l	r	l	m	25	3
8101992752	0.bmp	0.590071	w	12	l	r	l	m	25	3
8101992752	20.bmp	0.5679474	w	5	l	r	l	m	25	3
8101992752	80.bmp	0.5886187	q	8	l	r	l	m	25	3
8101992752	0.bmp	0.6921185	w	11	l	r	l	m	25	3
8101992752	80.bmp	0.6863486	q	5	l	r	l	m	25	3
8101992752	60.bmp	0.6697931	w	4	l	r	l	m	25	3
8101992752	30.bmp	0.8677907	q	9	l	r	l	m	25	3
8101992752	70.bmp	0.5770845	q	7	l	r	l	m	25	3
8101992752	30.bmp	0.6713412	w	13	l	r	l	m	25	3
8101992752	50.bmp	0.5427552	q	6	l	r	l	m	25	3
8101992752	20.bmp	0.7242929	w	8	l	r	l	m	25	3
8101992752	40.bmp	0.6017589	q	3	l	r	l	m	25	3
8101992752	10.bmp	0.9801859	w	13	l	r	l	m	25	3
8101992752	60.bmp	0.6016045	q	3	l	r	l	m	25	3
8101992752	70.bmp	0.6076321	q	4	l	r	l	m	25	3
8101992752	0.bmp	0.9288324	q	6	l	r	l	m	25	3
8101992752	70.bmp	0.6274803	w	1	l	r	l	m	25	3
8101992752	10.bmp	0.6864861	w	10	l	r	l	m	25	3
8101992752	20.bmp	0.4607126	w	11	l	r	l	m	25	3
8101992752	50.bmp	0.4891834	w	13	l	r	l	m	25	3
8101992752	40.bmp	0.4168285	w	1	l	r	l	m	25	3
8101992752	70.bmp	0.3546755	w	13	l	r	l	m	25	3
8101992752	60.bmp	0.4198566	w	2	l	r	l	m	25	3
8101992752	30.bmp	0.2973948	w	5	l	r	l	m	25	3
8101992752	30.bmp	0.3527509	q	11	l	r	l	m	25	3
8101992752	60.bmp	0.7667661	q	13	l	r	l	m	25	3
8101992752	20.bmp	0.615582	q	3	l	r	l	m	25	3
8101992752	70.bmp	0.651912	w	9	l	r	l	m	25	3
8101992752	20.bmp	0.5031464	q	2	l	r	l	m	25	3
8101992752	0.bmp	0.5821548	q	7	l	r	l	m	25	3
8101992752	10.bmp	0.6694803	w	2	l	r	l	m	25	3
8101992752	60.bmp	0.7737932	w	10	l	r	l	m	25	3
8101992752	50.bmp	0.6522916	q	4	l	r	l	m	25	3
8101992752	50.bmp	0.8619976	w	8	l	r	l	m	25	3
8101992752	20.bmp	0.7036276	q	7	l	r	l	m	25	3
8101992752	0.bmp	0.6758502	w	8	l	r	l	m	25	3
8101992752	40.bmp	0.6489915	q	8	l	r	l	m	25	3
8101992752	0.bmp	0.6383716	q	4	l	r	l	m	25	3
8101992752	10.bmp	0.4418234	q	7	l	r	l	m	25	3
8101992752	40.bmp	0.6020934	w	10	l	r	l	m	25	3
8101992752	0.bmp	0.7189328	w	1	l	r	l	m	25	3
8101992752	50.bmp	0.774866	w	5	l	r	l	m	25	3
8101992752	20.bmp	0.5340005	w	13	l	r	l	m	25	3
8101992752	70.bmp	0.6287951	q	3	l	r	l	m	25	3
8101992752	50.bmp	0.6479866	w	2	l	r	l	m	25	3
8101992752	80.bmp	0.6056835	q	10	l	r	l	m	25	3
8101992752	10.bmp	0.658832	w	9	l	r	l	m	25	3
8101992752	60.bmp	0.5973858	q	7	l	r	l	m	25	3
8101992752	70.bmp	0.6592555	w	2	l	r	l	m	25	3
8101992752	60.bmp	0.9760278	q	12	l	r	l	m	25	3
8101992752	50.bmp	0.5670978	q	12	l	r	l	m	25	3
8101992752	40.bmp	0.5244588	q	9	l	r	l	m	25	3
8101992752	70.bmp	0.6043204	w	5	l	r	l	m	25	3
8101992752	60.bmp	0.5813115	q	6	l	r	l	m	25	3
8101992752	70.bmp	0.6417343	q	8	l	r	l	m	25	3
8101992752	80.bmp	0.6167802	q	7	l	r	l	m	25	3
8101992752	10.bmp	0.6130968	w	1	l	r	l	m	25	3
8101992752	30.bmp	0.7407372	w	1	l	r	l	m	25	3
8101992752	60.bmp	0.6943217	q	11	l	r	l	m	25	3
8101992752	80.bmp	0.6380632	q	12	l	r	l	m	25	3
8101992752	30.bmp	0.6473479	w	4	l	r	l	m	25	3
8101992752	80.bmp	0.5739121	q	6	l	r	l	m	25	3
8101992752	50.bmp	0.7626147	q	3	l	r	l	m	25	3
8101992752	20.bmp	0.647382	w	1	l	r	l	m	25	3
8101992752	10.bmp	0.7612303	w	8	l	r	l	m	25	3
8101992752	40.bmp	0.5295913	q	7	l	r	l	m	25	3
8101992752	30.bmp	0.58161	q	6	l	r	l	m	25	3
8101992752	30.bmp	0.6964732	q	3	l	r	l	m	25	3
8101992752	40.bmp	0.8136139	w	2	l	r	l	m	25	3
8101992752	10.bmp	0.7056362	q	12	l	r	l	m	25	3
8101992752	30.bmp	0.6458334	q	7	l	r	l	m	25	3
8101992752	50.bmp	0.6718989	w	1	l	r	l	m	25	3
8101992752	60.bmp	0.6265396	q	9	l	r	l	m	25	3
8101992752	0.bmp	0.7256248	w	13	l	r	l	m	25	3
8101992752	50.bmp	0.6287862	w	10	l	r	l	m	25	3
8101992752	30.bmp	0.5468575	w	10	l	r	l	m	25	3
8101992752	80.bmp	0.5161491	q	3	l	r	l	m	25	3
8101992752	10.bmp	0.6103355	w	5	l	r	l	m	25	3
8101992752	40.bmp	0.5492775	w	11	l	r	l	m	25	3
8101992752	0.bmp	0.5641193	w	5	l	r	l	m	25	3
8101992752	70.bmp	0.3504763	q	12	l	r	l	m	25	3
8101992752	20.bmp	0.5673666	q	4	l	r	l	m	25	3
8101992752	20.bmp	0.4922846	q	10	l	r	l	m	25	3
8101992752	40.bmp	0.7007048	w	13	l	r	l	m	25	3
8101992752	80.bmp	0.725973	q	4	l	r	l	m	25	3
8101992752	10.bmp	0.6751269	q	3	l	r	l	m	25	3
8101992752	70.bmp	0.6542384	w	10	l	r	l	m	25	3
8101992752	70.bmp	0.6917931	q	6	l	r	l	m	25	3
8101992752	10.bmp	0.6434731	w	11	l	r	l	m	25	3
8101992752	50.bmp	0.6224394	q	7	l	r	l	m	25	3
8101992752	0.bmp	0.7470947	w	10	l	r	l	m	25	3
8101992752	20.bmp	0.8276117	w	9	l	r	l	m	25	3
8101992752	0.bmp	0.685387	q	3	l	r	l	m	25	3
8101992752	80.bmp	0.6620823	w	2	l	r	l	m	25	3
8101992752	20.bmp	0.6721129	w	12	l	r	l	m	25	3
8101992752	80.bmp	0.5965408	w	1	l	r	l	m	25	3
8101992752	30.bmp	0.5956839	q	8	l	r	l	m	25	3
8101992752	20.bmp	1.2264772	q	6	l	r	l	m	25	3
8101992752	50.bmp	0.9661416	w	11	l	r	l	m	25	3
8101992752	50.bmp	0.7639884	q	9	l	r	l	m	25	3
8101992752	30.bmp	0.6412119	w	2	l	r	l	m	25	3
8101992752	80.bmp	0.4780154	w	13	l	r	l	m	25	3
8101992752	80.bmp	0.6969065	q	11	l	r	l	m	25	3
8101992752	40.bmp	0.6541694	q	4	l	r	l	m	25	3
8101992752	30.bmp	0.7844833	q	12	l	r	l	m	25	3
8101992752	10.bmp	0.6743585	q	4	l	r	l	m	25	3
8101992752	60.bmp	0.680438	q	5	l	r	l	m	25	3
8101992752	10.bmp	0.6324171	q	6	l	r	l	m	25	3
8101992752	60.bmp	0.777893	q	8	l	r	l	m	25	3
8101992752	40.bmp	0.6894511	w	5	l	r	l	m	25	3
8101992752	0.bmp	0.5519555	q	9	l	r	l	m	25	3
8101992752	70.bmp	0.6819033	q	11	l	r	l	m	25	3
8101992752	40.bmp	0.5727555	q	6	l	r	l	m	25	3
8101992752	80.bmp	0.5628897	q	9	l	r	l	m	25	3
8101992752	30.bmp	0.6538647	p	2	r	r	l	m	25	3
8101992752	10.bmp	0.4019783	p	13	r	r	l	m	25	3
8101992752	40.bmp	0.4884199	p	9	r	r	l	m	25	3
8101992752	10.bmp	0.6160021	p	10	r	r	l	m	25	3
8101992752	70.bmp	0.593144	p	1	r	r	l	m	25	3
8101992752	20.bmp	0.4973197	o	3	r	r	l	m	25	3
8101992752	0.bmp	0.6697607	o	9	r	r	l	m	25	3
8101992752	60.bmp	0.4801586	o	4	r	r	l	m	25	3
8101992752	10.bmp	0.4340412	o	3	r	r	l	m	25	3
8101992752	0.bmp	0.4834891	o	1	r	r	l	m	25	3
8101992752	80.bmp	0.4212446	o	3	r	r	l	m	25	3
8101992752	70.bmp	0.3686457	o	6	r	r	l	m	25	3
8101992752	80.bmp	0.3463445	o	4	r	r	l	m	25	3
8101992752	10.bmp	0.4793508	o	7	r	r	l	m	25	3
8101992752	60.bmp	0.7634519	p	12	r	r	l	m	25	3
8101992752	20.bmp	0.6200038	p	1	r	r	l	m	25	3
8101992752	10.bmp	0.5283152	p	9	r	r	l	m	25	3
8101992752	50.bmp	0.4716457	o	4	r	r	l	m	25	3
8101992752	50.bmp	0.4953132	o	13	r	r	l	m	25	3
8101992752	20.bmp	0.5370821	o	4	r	r	l	m	25	3
8101992752	10.bmp	0.7102031	o	11	r	r	l	m	25	3
8101992752	80.bmp	0.588934	p	7	r	r	l	m	25	3
8101992752	0.bmp	0.4606843	p	11	r	r	l	m	25	3
8101992752	40.bmp	0.4401614	p	11	r	r	l	m	25	3
8101992752	60.bmp	0.4408845	p	7	r	r	l	m	25	3
8101992752	0.bmp	0.524053	p	2	r	r	l	m	25	3
8101992752	0.bmp	0.5260806	o	6	r	r	l	m	25	3
8101992752	20.bmp	0.4642369	o	10	r	r	l	m	25	3
8101992752	70.bmp	0.5538326	o	3	r	r	l	m	25	3
8101992752	50.bmp	0.4361099	o	2	r	r	l	m	25	3
8101992752	80.bmp	0.3380818	o	1	r	r	l	m	25	3
8101992752	30.bmp	0.3826811	o	12	r	r	l	m	25	3
8101992752	10.bmp	0.4085759	o	1	r	r	l	m	25	3
8101992752	10.bmp	0.5438	p	6	r	r	l	m	25	3
8101992752	20.bmp	0.9860032	p	13	r	r	l	m	25	3
8101992752	50.bmp	0.4202498	p	3	r	r	l	m	25	3
8101992752	50.bmp	0.6822267	o	9	r	r	l	m	25	3
8101992752	60.bmp	0.5898566	o	2	r	r	l	m	25	3
8101992752	60.bmp	0.4473797	o	1	r	r	l	m	25	3
8101992752	50.bmp	0.4940248	o	11	r	r	l	m	25	3
8101992752	80.bmp	0.4054926	o	10	r	r	l	m	25	3
8101992752	60.bmp	0.3801191	o	10	r	r	l	m	25	3
8101992752	40.bmp	0.4276545	o	7	r	r	l	m	25	3
8101992752	80.bmp	0.4074972	o	9	r	r	l	m	25	3
8101992752	80.bmp	0.3990339	o	12	r	r	l	m	25	3
8101992752	50.bmp	0.4339841	o	12	r	r	l	m	25	3
8101992752	30.bmp	0.3825823	o	8	r	r	l	m	25	3
8101992752	50.bmp	0.3754278	o	5	r	r	l	m	25	3
8101992752	60.bmp	0.3956467	o	9	r	r	l	m	25	3
8101992752	70.bmp	0.4240619	o	8	r	r	l	m	25	3
8101992752	60.bmp	0.4154507	o	3	r	r	l	m	25	3
8101992752	80.bmp	0.4730795	o	6	r	r	l	m	25	3
8101992752	60.bmp	0.4604756	o	8	r	r	l	m	25	3
8101992752	70.bmp	0.4363858	o	7	r	r	l	m	25	3
8101992752	0.bmp	0.4702269	o	7	r	r	l	m	25	3
8101992752	70.bmp	0.3746959	o	4	r	r	l	m	25	3
8101992752	30.bmp	0.385727	o	6	r	r	l	m	25	3
8101992752	40.bmp	0.3657749	o	2	r	r	l	m	25	3
8101992752	70.bmp	0.4930965	p	5	r	r	l	m	25	3
8101992752	20.bmp	0.8468616	o	7	r	r	l	m	25	3
8101992752	80.bmp	0.5472486	p	5	r	r	l	m	25	3
8101992752	20.bmp	0.6863844	p	9	r	r	l	m	25	3
8101992752	30.bmp	0.725595	p	5	r	r	l	m	25	3
8101992752	10.bmp	0.4806585	p	8	r	r	l	m	25	3
8101992752	30.bmp	0.7130105	p	9	r	r	l	m	25	3
8101992752	70.bmp	0.5369651	o	12	r	r	l	m	25	3
8101992752	30.bmp	0.4694816	o	3	r	r	l	m	25	3
8101992752	30.bmp	0.4976592	o	11	r	r	l	m	25	3
8101992752	20.bmp	0.5674575	p	5	r	r	l	m	25	3
8101992752	50.bmp	0.5385833	p	1	r	r	l	m	25	3
8101992752	40.bmp	0.443759	p	12	r	r	l	m	25	3
8101992752	40.bmp	0.4758828	p	3	r	r	l	m	25	3
8101992752	60.bmp	0.5066125	p	11	r	r	l	m	25	3
8101992752	30.bmp	0.9535368	p	4	r	r	l	m	25	3
8101992752	50.bmp	0.4955639	p	7	r	r	l	m	25	3
8101992752	20.bmp	0.5358668	p	2	r	r	l	m	25	3
8101992752	70.bmp	0.6951448	o	2	r	r	l	m	25	3
8101992752	30.bmp	0.5337333	o	7	r	r	l	m	25	3
8101992752	10.bmp	0.5215021	o	12	r	r	l	m	25	3
8101992752	70.bmp	0.5427427	o	11	r	r	l	m	25	3
8101992752	10.bmp	0.411165	p	2	r	r	l	m	25	3
8101992752	20.bmp	0.3360045	o	11	r	r	l	m	25	3
8101992752	20.bmp	0.4090942	p	6	r	r	l	m	25	3
8101992752	30.bmp	0.4807092	p	13	r	r	l	m	25	3
8101992752	0.bmp	0.4597744	p	10	r	r	l	m	25	3
8101992752	0.bmp	0.4444183	p	4	r	r	l	m	25	3
8101992752	60.bmp	0.6564351	o	6	r	r	l	m	25	3
8101992752	0.bmp	0.6474775	o	3	r	r	l	m	25	3
8101992752	60.bmp	0.5512099	p	5	r	r	l	m	25	3
8101992752	50.bmp	0.349598	o	6	r	r	l	m	25	3
8101992752	10.bmp	0.4574916	o	5	r	r	l	m	25	3
8101992752	80.bmp	0.3480917	p	13	r	r	l	m	25	3
8101992752	0.bmp	0.5189243	p	5	r	r	l	m	25	3
8101992752	40.bmp	0.5205316	p	13	r	r	l	m	25	3
8101992752	30.bmp	0.5560292	p	1	r	r	l	m	25	3
8101992752	20.bmp	0.4471768	p	12	r	r	l	m	25	3
8101992752	50.bmp	0.4295412	p	8	r	r	l	m	25	3
8101992752	60.bmp	0.6505837	o	13	r	r	l	m	25	3
8101992752	50.bmp	0.4910524	o	10	r	r	l	m	25	3
8101992752	70.bmp	0.3902094	o	10	r	r	l	m	25	3
8101992752	80.bmp	0.828737	o	2	r	r	l	m	25	3
8101992752	0.bmp	0.487858	p	13	r	r	l	m	25	3
8101992752	40.bmp	0.4428871	o	10	r	r	l	m	25	3
8101992752	0.bmp	0.4884084	o	12	r	r	l	m	25	3
8101992752	80.bmp	0.6827341	p	11	r	r	l	m	25	3
8101992752	80.bmp	0.5211959	p	8	r	r	l	m	25	3
8101992752	70.bmp	0.5169002	p	9	r	r	l	m	25	3
8101992752	70.bmp	0.4718022	p	13	r	r	l	m	25	3
8101992752	10.bmp	0.4826759	p	4	r	r	l	m	25	3
8101992752	40.bmp	0.8257138	p	4	r	r	l	m	25	3
8101992752	40.bmp	0.4823516	o	5	r	r	l	m	25	3
8101992752	20.bmp	0.6212061	p	8	r	r	l	m	25	3
8101992752	40.bmp	0.5843516	p	1	r	r	l	m	25	3
8101992752	0.bmp	0.4946893	p	8	r	r	l	m	25	3
8101992752	40.bmp	0.461104	p	8	r	r	l	m	25	3
8101992752	40.bmp	0.5565611	p	6	r	r	l	m	25	3
8101992752	30.bmp	0.5635068	o	10	r	r	l	m	25	3
8101992752	50.bmp	0.5820287	o	5	r	r	l	m	25	3
8101992752	30.bmp	0.6102721	o	13	r	r	l	m	25	3
8101992752	40.bmp	0.5127331	o	8	r	r	l	m	25	3
8101992752	20.bmp	0.6097562	p	12	r	r	l	m	25	3
8101992752	70.bmp	0.6262169	o	11	r	r	l	m	25	3
8101992752	80.bmp	0.6112464	o	3	r	r	l	m	25	3
8101992752	60.bmp	0.7620048	o	5	r	r	l	m	25	3
8101992752	80.bmp	0.6854324	p	7	r	r	l	m	25	3
8101992752	0.bmp	0.4751015	p	12	r	r	l	m	25	3
8101992752	80.bmp	0.6180228	o	2	r	r	l	m	25	3
8101992752	80.bmp	0.4457853	o	13	r	r	l	m	25	3
8101992752	70.bmp	0.3702499	o	7	r	r	l	m	25	3
8101992752	20.bmp	0.4901403	o	8	r	r	l	m	25	3
8101992752	60.bmp	0.5069809	o	8	r	r	l	m	25	3
8101992752	20.bmp	0.4505256	o	11	r	r	l	m	25	3
8101992752	10.bmp	0.4113116	o	3	r	r	l	m	25	3
8101992752	60.bmp	0.3798911	o	10	r	r	l	m	25	3
8101992752	10.bmp	0.3440994	o	2	r	r	l	m	25	3
8101992752	10.bmp	0.3138954	o	5	r	r	l	m	25	3
8101992752	50.bmp	0.7632989	p	13	r	r	l	m	25	3
8101992752	30.bmp	0.5962583	p	4	r	r	l	m	25	3
8101992752	0.bmp	0.505356	p	6	r	r	l	m	25	3
8101992752	10.bmp	0.5351198	o	11	r	r	l	m	25	3
8101992752	30.bmp	0.5833636	o	2	r	r	l	m	25	3
8101992752	10.bmp	0.6129665	p	7	r	r	l	m	25	3
8101992752	30.bmp	0.5296673	p	10	r	r	l	m	25	3
8101992752	20.bmp	0.4705678	p	3	r	r	l	m	25	3
8101992752	60.bmp	0.6227093	p	1	r	r	l	m	25	3
8101992752	70.bmp	0.4833154	p	13	r	r	l	m	25	3
8101992752	60.bmp	0.4088622	p	7	r	r	l	m	25	3
8101992752	0.bmp	0.413169	o	3	r	r	l	m	25	3
8101992752	40.bmp	0.7449769	o	11	r	r	l	m	25	3
8101992752	50.bmp	0.4329579	o	10	r	r	l	m	25	3
8101992752	40.bmp	0.3877007	o	9	r	r	l	m	25	3
8101992752	70.bmp	0.4310271	o	12	r	r	l	m	25	3
8101992752	60.bmp	0.4490389	o	11	r	r	l	m	25	3
8101992752	70.bmp	0.4734064	o	2	r	r	l	m	25	3
8101992752	70.bmp	0.3336328	o	3	r	r	l	m	25	3
8101992752	70.bmp	0.4164089	o	4	r	r	l	m	25	3
8101992752	0.bmp	0.4580335	o	9	r	r	l	m	25	3
8101992752	30.bmp	0.3995459	o	5	r	r	l	m	25	3
8101992752	20.bmp	0.5196257	p	6	r	r	l	m	25	3
8101992752	20.bmp	0.5669178	p	4	r	r	l	m	25	3
8101992752	30.bmp	0.6617511	p	8	r	r	l	m	25	3
8101992752	10.bmp	0.7025971	o	9	r	r	l	m	25	3
8101992752	10.bmp	0.6493586	o	4	r	r	l	m	25	3
8101992752	20.bmp	0.5246028	o	10	r	r	l	m	25	3
8101992752	0.bmp	0.6160584	p	5	r	r	l	m	25	3
8101992752	50.bmp	0.5649677	p	9	r	r	l	m	25	3
8101992752	40.bmp	0.554828	p	1	r	r	l	m	25	3
8101992752	30.bmp	0.6576678	p	11	r	r	l	m	25	3
8101992752	50.bmp	0.5616176	p	1	r	r	l	m	25	3
8101992752	20.bmp	0.570054	p	9	r	r	l	m	25	3
8101992752	40.bmp	0.4872298	o	13	r	r	l	m	25	3
8101992752	70.bmp	0.4875635	o	8	r	r	l	m	25	3
8101992752	80.bmp	0.4750237	o	12	r	r	l	m	25	3
8101992752	40.bmp	0.4997936	p	10	r	r	l	m	25	3
8101992752	80.bmp	0.5551585	p	1	r	r	l	m	25	3
8101992752	50.bmp	0.5387869	p	4	r	r	l	m	25	3
8101992752	60.bmp	0.611886	p	12	r	r	l	m	25	3
8101992752	40.bmp	0.421667	p	6	r	r	l	m	25	3
8101992752	0.bmp	0.4095595	p	8	r	r	l	m	25	3
8101992752	50.bmp	0.3024936	p	7	r	r	l	m	25	3
8101992752	20.bmp	0.2803094	o	5	r	r	l	m	25	3
8101992752	0.bmp	0.2722401	p	13	r	r	l	m	25	3
8101992752	70.bmp	0.3619173	p	1	r	r	l	m	25	3
8101992752	80.bmp	0.3522307	p	5	r	r	l	m	25	3
8101992752	30.bmp	0.4193835	p	9	r	r	l	m	25	3
8101992752	50.bmp	0.5654808	p	8	r	r	l	m	25	3
8101992752	60.bmp	0.6202634	o	13	r	r	l	m	25	3
8101992752	20.bmp	0.4718544	o	13	r	r	l	m	25	3
8101992752	70.bmp	0.528979	p	5	r	r	l	m	25	3
8101992752	10.bmp	0.4098965	o	6	r	r	l	m	25	3
8101992752	40.bmp	0.4578583	o	12	r	r	l	m	25	3
8101992752	10.bmp	0.6085399	p	1	r	r	l	m	25	3
8101992752	50.bmp	0.6124068	p	12	r	r	l	m	25	3
8101992752	50.bmp	0.6319795	o	11	r	r	l	m	25	3
8101992752	30.bmp	0.419708	p	3	r	r	l	m	25	3
8101992752	10.bmp	0.3978907	o	13	r	r	l	m	25	3
8101992752	40.bmp	0.3631035	p	2	r	r	l	m	25	3
8101992752	60.bmp	0.3753726	p	2	r	r	l	m	25	3
8101992752	0.bmp	0.3802313	o	7	r	r	l	m	25	3
8101992752	40.bmp	0.3164315	p	7	r	r	l	m	25	3
8101992752	30.bmp	0.2905031	o	12	r	r	l	m	25	3
8101992752	0.bmp	0.7841523	p	10	r	r	l	m	25	3
8101992752	70.bmp	0.7130832	p	6	r	r	l	m	25	3
8101992752	10.bmp	0.6123415	p	10	r	r	l	m	25	3
8101992752	60.bmp	0.4030835	p	4	r	r	l	m	25	3
8101992752	80.bmp	0.6294455	p	10	r	r	l	m	25	3
8101992752	60.bmp	0.3585554	o	9	r	r	l	m	25	3
8101992752	40.bmp	0.5121175	o	4	r	r	l	m	25	3
8101992752	30.bmp	0.5786468	p	1	r	r	l	m	25	3
8101992752	70.bmp	0.5830037	p	10	r	r	l	m	25	3
8101992752	80.bmp	0.5681842	o	6	r	r	l	m	25	3
8101992752	80.bmp	0.6856901	p	11	r	r	l	m	25	3
8101992752	80.bmp	0.4829794	p	8	r	r	l	m	25	3
8101992752	60.bmp	0.5156821	o	3	r	r	l	m	25	3
8101992752	80.bmp	0.6969024	o	4	r	r	l	m	25	3
8101992752	50.bmp	0.4824069	o	3	r	r	l	m	25	3
8101992752	30.bmp	0.5136803	o	6	r	r	l	m	25	3
8101992752	30.bmp	0.4386553	o	7	r	r	l	m	25	3
8101992752	50.bmp	0.4031551	o	6	r	r	l	m	25	3
8101992752	0.bmp	0.3065319	o	11	r	r	l	m	25	3
8101992752	20.bmp	0.2561553	p	2	r	r	l	m	25	3
8101992752	0.bmp	0.2990218	o	1	r	r	l	m	25	3
8101992752	60.bmp	0.4036214	p	6	r	r	l	m	25	3
8101992752	40.bmp	0.6148852	p	3	r	r	l	m	25	3
8101992752	0.bmp	0.5677293	p	2	r	r	l	m	25	3
8101992752	70.bmp	0.5181548	o	9	r	r	l	m	25	3
8101992752	20.bmp	0.5433372	p	1	r	r	l	m	25	3
8101992752	0.bmp	0.5444836	p	4	r	r	l	m	25	3
8101992752	80.bmp	0.5171111	o	9	r	r	l	m	25	3
8101992752	50.bmp	0.5753092	o	2	r	r	l	m	25	3
8101992752	10.bmp	0.5997212	o	12	r	r	l	m	25	3
8101992752	10.bmp	0.3643714	p	8	r	r	l	m	25	3
8101992752	40.bmp	0.5537896	o	5	r	r	l	m	25	3
8101992752	20.bmp	0.4412815	p	7	r	r	l	m	25	3
8101992752	20.bmp	0.7527472	q	8	l	r	l	m	25	3
8101992752	70.bmp	0.500548	q	13	l	r	l	m	25	3
8101992752	30.bmp	0.4752117	q	9	l	r	l	m	25	3
8101992752	60.bmp	0.4960105	q	10	l	r	l	m	25	3
8101992752	60.bmp	0.6000455	q	6	l	r	l	m	25	3
8101992752	70.bmp	0.513418	q	4	l	r	l	m	25	3
8101992752	50.bmp	0.4673512	w	8	l	r	l	m	25	3
8101992752	40.bmp	0.8792625	q	1	l	r	l	m	25	3
8101992752	30.bmp	0.4836434	q	1	l	r	l	m	25	3
8101992752	10.bmp	0.6663846	w	8	l	r	l	m	25	3
8101992752	0.bmp	0.5838113	w	7	l	r	l	m	25	3
8101992752	70.bmp	0.6130089	q	10	l	r	l	m	25	3
8101992752	60.bmp	0.7434521	q	7	l	r	l	m	25	3
8101992752	20.bmp	0.5687624	q	3	l	r	l	m	25	3
8101992752	10.bmp	0.8914163	w	11	l	r	l	m	25	3
8101992752	60.bmp	0.4973114	q	4	l	r	l	m	25	3
8101992752	40.bmp	0.4340728	q	10	l	r	l	m	25	3
8101992752	0.bmp	0.6275287	q	6	l	r	l	m	25	3
8101992752	70.bmp	0.4000503	w	3	l	r	l	m	25	3
8101992752	80.bmp	0.8515392	q	1	l	r	l	m	25	3
8101992752	30.bmp	0.5664911	q	6	l	r	l	m	25	3
8101992752	80.bmp	0.5245119	w	13	l	r	l	m	25	3
8101992752	20.bmp	0.5466884	w	13	l	r	l	m	25	3
8101992752	50.bmp	0.6554208	q	12	l	r	l	m	25	3
8101992752	30.bmp	0.6903075	w	4	l	r	l	m	25	3
8101992752	20.bmp	0.4646702	w	12	l	r	l	m	25	3
8101992752	10.bmp	0.7745805	q	2	l	r	l	m	25	3
8101992752	60.bmp	0.6307655	q	5	l	r	l	m	25	3
8101992752	0.bmp	0.7327465	w	12	l	r	l	m	25	3
8101992752	30.bmp	0.7718549	w	8	l	r	l	m	25	3
8101992752	10.bmp	0.5705648	w	4	l	r	l	m	25	3
8101992752	30.bmp	0.4550271	w	13	l	r	l	m	25	3
8101992752	20.bmp	0.6588574	w	6	l	r	l	m	25	3
8101992752	30.bmp	0.3648775	q	2	l	r	l	m	25	3
8101992752	50.bmp	0.4605618	q	6	l	r	l	m	25	3
8101992752	60.bmp	0.8287819	q	12	l	r	l	m	25	3
8101992752	40.bmp	0.5625976	q	4	l	r	l	m	25	3
8101992752	50.bmp	0.6148476	q	11	l	r	l	m	25	3
8101992752	80.bmp	0.5840833	q	6	l	r	l	m	25	3
8101992752	80.bmp	0.6430385	q	3	l	r	l	m	25	3
8101992752	30.bmp	0.5857269	w	5	l	r	l	m	25	3
8101992752	10.bmp	0.5700696	w	13	l	r	l	m	25	3
8101992752	40.bmp	0.4710304	w	13	l	r	l	m	25	3
8101992752	10.bmp	0.7048821	w	5	l	r	l	m	25	3
8101992752	20.bmp	0.5304088	w	7	l	r	l	m	25	3
8101992752	20.bmp	0.6247216	w	11	l	r	l	m	25	3
8101992752	40.bmp	0.5301404	w	5	l	r	l	m	25	3
8101992752	20.bmp	0.5179021	w	4	l	r	l	m	25	3
8101992752	10.bmp	0.451821	w	6	l	r	l	m	25	3
8101992752	80.bmp	0.5179788	w	4	l	r	l	m	25	3
8101992752	50.bmp	0.6001128	w	1	l	r	l	m	25	3
8101992752	80.bmp	0.7474531	w	8	l	r	l	m	25	3
8101992752	50.bmp	0.5217812	q	7	l	r	l	m	25	3
8101992752	10.bmp	0.7633962	w	12	l	r	l	m	25	3
8101992752	40.bmp	0.6996644	w	2	l	r	l	m	25	3
8101992752	20.bmp	0.8829115	w	10	l	r	l	m	25	3
8101992752	0.bmp	0.5469746	w	10	l	r	l	m	25	3
8101992752	0.bmp	0.4818387	w	9	l	r	l	m	25	3
8101992752	0.bmp	0.4899223	w	4	l	r	l	m	25	3
8101992752	10.bmp	0.8021521	q	7	l	r	l	m	25	3
8101992752	60.bmp	0.6503755	w	3	l	r	l	m	25	3
8101992752	70.bmp	0.7403413	q	2	l	r	l	m	25	3
8101992752	0.bmp	0.7914144	q	13	l	r	l	m	25	3
8101992752	60.bmp	0.8493361	q	13	l	r	l	m	25	3
8101992752	40.bmp	0.6670729	q	7	l	r	l	m	25	3
8101992752	70.bmp	0.5317812	q	8	l	r	l	m	25	3
8101992752	40.bmp	0.5787674	q	3	l	r	l	m	25	3
8101992752	20.bmp	0.7116242	w	5	l	r	l	m	25	3
8101992752	0.bmp	0.6620096	w	1	l	r	l	m	25	3
8101992752	20.bmp	0.8666866	q	9	l	r	l	m	25	3
8101992752	20.bmp	0.7623474	q	2	l	r	l	m	25	3
8101992752	80.bmp	0.6930569	w	9	l	r	l	m	25	3
8101992752	10.bmp	0.6665694	w	1	l	r	l	m	25	3
8101992752	80.bmp	0.736585	w	10	l	r	l	m	25	3
8101992752	60.bmp	0.4523649	q	9	l	r	l	m	25	3
8101992752	40.bmp	0.626926	q	8	l	r	l	m	25	3
8101992752	40.bmp	0.4630105	q	12	l	r	l	m	25	3
8101992752	70.bmp	0.4457413	q	9	l	r	l	m	25	3
8101992752	0.bmp	0.6380358	w	11	l	r	l	m	25	3
8101992752	70.bmp	2.4480809	w	6	l	r	l	m	25	3
8101992752	30.bmp	0.7265488	w	10	l	r	l	m	25	3
8101992752	0.bmp	1.0427944	w	2	l	r	l	m	25	3
8101992752	30.bmp	0.6498444	w	7	l	r	l	m	25	3
8101992752	50.bmp	0.6518809	w	10	l	r	l	m	25	3
8101992752	0.bmp	0.5108212	w	8	l	r	l	m	25	3
8101992752	80.bmp	0.5576772	w	11	l	r	l	m	25	3
8101992752	50.bmp	0.7129612	w	2	l	r	l	m	25	3
8101992752	0.bmp	0.5137895	w	5	l	r	l	m	25	3
8101992752	70.bmp	0.6186693	w	1	l	r	l	m	25	3
8101992752	40.bmp	0.52765	w	9	l	r	l	m	25	3
8101992752	70.bmp	0.4938531	w	5	l	r	l	m	25	3
8101992752	10.bmp	0.4631584	w	3	l	r	l	m	25	3
8101992752	50.bmp	0.4835673	w	9	l	r	l	m	25	3
8101992752	50.bmp	0.4894841	w	3	l	r	l	m	25	3
8101992752	80.bmp	0.4174115	w	7	l	r	l	m	25	3
8101992752	70.bmp	0.4307636	w	12	l	r	l	m	25	3
8101992752	60.bmp	0.4863122	w	11	l	r	l	m	25	3
8101992752	20.bmp	0.4363747	w	1	l	r	l	m	25	3
8101992752	40.bmp	0.5292325	w	11	l	r	l	m	25	3
8101992752	70.bmp	0.4210092	w	11	l	r	l	m	25	3
8101992752	10.bmp	0.5473729	w	10	l	r	l	m	25	3
8101992752	60.bmp	0.5991279	q	1	l	r	l	m	25	3
8101992752	60.bmp	0.5808775	q	2	l	r	l	m	25	3
8101992752	30.bmp	0.5766302	q	11	l	r	l	m	25	3
8101992752	60.bmp	0.5596612	q	8	l	r	l	m	25	3
8101992752	50.bmp	0.5733796	w	13	l	r	l	m	25	3
8101992752	30.bmp	0.5171945	w	3	l	r	l	m	25	3
8101992752	80.bmp	0.4542694	w	5	l	r	l	m	25	3
8101992752	70.bmp	0.3465212	w	7	l	r	l	m	25	3
8101992752	50.bmp	0.5311692	w	4	l	r	l	m	25	3
8101992752	80.bmp	0.3134824	w	12	l	r	l	m	25	3
8101992752	80.bmp	0.6344891	q	2	l	r	l	m	25	3
8101992752	30.bmp	0.4178028	q	12	l	r	l	m	25	3
8101992752	40.bmp	0.4776216	q	6	l	r	l	m	25	3
8101992752	50.bmp	0.4603124	q	5	l	r	l	m	25	3
8101992752	0.bmp	0.4454323	q	3	l	r	l	m	25	3
8101992752	10.bmp	0.4628939	q	9	l	r	l	m	25	3
8101992752	70.bmp	0.3702675	w	6	l	r	l	m	25	3
8101992752	60.bmp	0.7230679	w	5	l	r	l	m	25	3
8101992752	30.bmp	0.6501686	q	10	l	r	l	m	25	3
8101992752	20.bmp	0.5526146	w	11	l	r	l	m	25	3
8101992752	30.bmp	0.6532508	w	7	l	r	l	m	25	3
8101992752	10.bmp	0.679607	w	9	l	r	l	m	25	3
8101992752	20.bmp	0.6998348	w	7	l	r	l	m	25	3
8101992752	80.bmp	0.5762429	w	4	l	r	l	m	25	3
8101992752	10.bmp	0.8969692	w	13	l	r	l	m	25	3
8101992752	60.bmp	0.5010068	w	7	l	r	l	m	25	3
8101992752	80.bmp	0.4792536	w	6	l	r	l	m	25	3
8101992752	50.bmp	0.3734003	w	4	l	r	l	m	25	3
8101992752	50.bmp	0.3658781	q	11	l	r	l	m	25	3
8101992752	20.bmp	0.6682361	w	2	l	r	l	m	25	3
8101992752	20.bmp	0.6371055	q	3	l	r	l	m	25	3
8101992752	0.bmp	0.638088	w	7	l	r	l	m	25	3
8101992752	0.bmp	0.6505591	q	8	l	r	l	m	25	3
8101992752	80.bmp	0.7376534	w	11	l	r	l	m	25	3
8101992752	50.bmp	0.7581481	w	8	l	r	l	m	25	3
8101992752	0.bmp	0.6841763	q	6	l	r	l	m	25	3
8101992752	80.bmp	0.8200185	q	9	l	r	l	m	25	3
8101992752	30.bmp	0.7132353	w	1	l	r	l	m	25	3
8101992752	40.bmp	0.9210436	w	6	l	r	l	m	25	3
8101992752	40.bmp	0.6423478	q	12	l	r	l	m	25	3
8101992752	80.bmp	0.4963659	q	12	l	r	l	m	25	3
8101992752	30.bmp	0.6802203	w	12	l	r	l	m	25	3
8101992752	20.bmp	0.3937615	q	5	l	r	l	m	25	3
8101992752	0.bmp	0.6133293	w	1	l	r	l	m	25	3
8101992752	40.bmp	0.4487118	w	7	l	r	l	m	25	3
8101992752	60.bmp	0.4792733	w	8	l	r	l	m	25	3
8101992752	50.bmp	0.3779906	q	5	l	r	l	m	25	3
8101992752	30.bmp	0.5629009	w	2	l	r	l	m	25	3
8101992752	80.bmp	0.3857521	w	8	l	r	l	m	25	3
8101992752	40.bmp	0.4099779	q	11	l	r	l	m	25	3
8101992752	0.bmp	0.3937874	w	4	l	r	l	m	25	3
8101992752	60.bmp	0.394389	w	6	l	r	l	m	25	3
8101992752	0.bmp	0.4272942	w	9	l	r	l	m	25	3
8101992752	60.bmp	0.5934925	w	12	l	r	l	m	25	3
8101992752	80.bmp	0.4858953	w	5	l	r	l	m	25	3
8101992752	60.bmp	0.3772843	w	1	l	r	l	m	25	3
8101992752	10.bmp	0.4336616	w	3	l	r	l	m	25	3
8101992752	20.bmp	0.5109781	w	8	l	r	l	m	25	3
8101992752	80.bmp	0.4291682	w	2	l	r	l	m	25	3
8101992752	20.bmp	0.7244885	w	6	l	r	l	m	25	3
8101992752	60.bmp	0.5991337	w	2	l	r	l	m	25	3
8101992752	20.bmp	0.3782566	w	13	l	r	l	m	25	3
8101992752	30.bmp	0.3927439	q	4	l	r	l	m	25	3
8101992752	50.bmp	0.6790129	q	12	l	r	l	m	25	3
8101992752	70.bmp	0.4124535	q	2	l	r	l	m	25	3
8101992752	80.bmp	0.3946417	q	7	l	r	l	m	25	3
8101992752	70.bmp	0.4222404	q	1	l	r	l	m	25	3
8101992752	40.bmp	0.4596189	q	13	l	r	l	m	25	3
8101992752	50.bmp	0.37915	q	13	l	r	l	m	25	3
8101992752	70.bmp	0.466631	w	4	l	r	l	m	25	3
8101992752	60.bmp	0.2784881	q	9	l	r	l	m	25	3
8101992752	30.bmp	0.374358	q	9	l	r	l	m	25	3
8101992752	40.bmp	0.5100963	q	9	l	r	l	m	25	3
8101992752	0.bmp	0.700247	w	11	l	r	l	m	25	3
8101992752	50.bmp	0.5542938	q	9	l	r	l	m	25	3
8101992752	10.bmp	0.3820322	q	11	l	r	l	m	25	3
8101992752	40.bmp	0.5085123	q	3	l	r	l	m	25	3
8101992752	10.bmp	0.4039631	w	5	l	r	l	m	25	3
8101992752	10.bmp	0.3926815	w	6	l	r	l	m	25	3
8101992752	70.bmp	0.3834227	q	11	l	r	l	m	25	3
8101992752	70.bmp	0.4355382	w	12	l	r	l	m	25	3
8101992752	50.bmp	0.4976626	w	1	l	r	l	m	25	3
8101992752	0.bmp	0.6288664	w	3	l	r	l	m	25	3
8101992752	40.bmp	0.532666	w	5	l	r	l	m	25	3
8101992752	40.bmp	0.447202	w	2	l	r	l	m	25	3
8101992752	30.bmp	0.5080988	w	11	l	r	l	m	25	3
8101992752	60.bmp	0.4499438	w	11	l	r	l	m	25	3
8101992752	50.bmp	0.445526	q	2	l	r	l	m	25	3
8101992752	70.bmp	0.4906044	w	8	l	r	l	m	25	3
8101992752	70.bmp	0.4175682	w	3	l	r	l	m	25	3
8101992752	70.bmp	0.2880398	q	5	l	r	l	m	25	3
8101992752	0.bmp	0.3476723	q	10	l	r	l	m	25	3
8101992752	20.bmp	0.4560418	w	4	l	r	l	m	25	3
8101992752	50.bmp	0.5522408	q	3	l	r	l	m	25	3
8101992752	80.bmp	0.4536231	q	3	l	r	l	m	25	3
8101992752	50.bmp	0.5967322	w	10	l	r	l	m	25	3
8101992752	10.bmp	0.5601734	q	1	l	r	l	m	25	3
8101992752	20.bmp	0.5129645	q	10	l	r	l	m	25	3
8101992752	20.bmp	0.4332573	q	9	l	r	l	m	25	3
8101992752	30.bmp	0.5671651	w	5	l	r	l	m	25	3
8101992752	10.bmp	0.5941506	w	4	l	r	l	m	25	3
8101992752	70.bmp	0.8701803	w	13	l	r	l	m	25	3
8101992752	30.bmp	0.658259	w	13	l	r	l	m	25	3
8101992752	60.bmp	0.3993714	q	10	l	r	l	m	25	3
8101992752	10.bmp	0.5174037	q	12	l	r	l	m	25	3
8101992752	40.bmp	0.7264806	q	4	l	r	l	m	25	3
8101992752	30.bmp	0.46073	q	3	l	r	l	m	25	3
8101992752	40.bmp	0.6122537	w	1	l	r	l	m	25	3
8101992752	30.bmp	0.6439767	w	8	l	r	l	m	25	3
8101992752	80.bmp	0.672683	q	1	l	r	l	m	25	3
8101992752	60.bmp	0.5779376	w	4	l	r	l	m	25	3
8101992752	10.bmp	0.6530649	q	2	l	r	l	m	25	3
8101992752	60.bmp	0.6077133	w	13	l	r	l	m	25	3
8101992752	80.bmp	0.624036	q	13	l	r	l	m	25	3
8101992752	0.bmp	0.4296229	q	2	l	r	l	m	25	3
8101992752	10.bmp	0.4611506	w	7	l	r	l	m	25	3
8101992752	20.bmp	0.8657543	q	12	l	r	l	m	25	3
8101992752	30.bmp	0.4800963	q	6	l	r	l	m	25	3
8101992752	40.bmp	0.5102695	w	8	l	r	l	m	25	3
8101992752	40.bmp	0.3892211	q	10	l	r	l	m	25	3
8101992752	0.bmp	0.7795671	q	13	l	r	l	m	25	3
8101992752	0.bmp	0.5995022	w	5	l	r	l	m	25	3
8101992752	10.bmp	0.6568022	w	8	l	r	l	m	25	3
8101992752	20.bmp	0.6685599	w	1	l	r	l	m	25	3
8101992752	50.bmp	0.8152824	q	6	l	r	l	m	25	3
8101992752	70.bmp	0.694887	q	10	l	r	l	m	25	3
8101992752	70.bmp	0.4788073	q	9	l	r	l	m	25	3
8101992752	10.bmp	0.5419997	w	10	l	r	l	m	25	3
8101992752	70.bmp	0.5466552	q	7	l	r	l	m	25	3
8101992752	80.bmp	0.6007259	w	10	l	r	l	m	25	3
8101992752	0.bmp	0.612482	q	12	l	r	l	m	25	3
8101992752	60.bmp	0.5833803	q	3	l	r	l	m	25	3
8101992752	50.bmp	0.9467072	q	7	l	r	l	m	25	3
8101992752	30.bmp	0.8486937	q	10	l	r	l	m	25	3
8101992752	60.bmp	0.5566509	q	3	l	r	l	m	25	3
8101992752	60.bmp	0.6974946	w	12	l	r	l	m	25	3
8101992752	80.bmp	0.8628388	w	6	l	r	l	m	25	3
8101992752	60.bmp	0.5404384	w	4	l	r	l	m	25	3
8101992752	20.bmp	0.5924999	w	12	l	r	l	m	25	3
8101992752	60.bmp	0.8097187	w	11	l	r	l	m	25	3
8101992752	20.bmp	0.5969465	q	7	l	r	l	m	25	3
8101992752	70.bmp	0.6542618	q	8	l	r	l	m	25	3
8101992752	80.bmp	0.4880334	q	3	l	r	l	m	25	3
8101992752	20.bmp	0.9236866	w	13	l	r	l	m	25	3
8101992752	40.bmp	0.6926951	q	9	l	r	l	m	25	3
8101992752	70.bmp	0.66596	q	3	l	r	l	m	25	3
8101992752	0.bmp	0.6687452	w	6	l	r	l	m	25	3
8101992752	40.bmp	0.6455493	q	3	l	r	l	m	25	3
8101992752	50.bmp	0.6568944	w	2	l	r	l	m	25	3
8101992752	20.bmp	0.5722678	w	9	l	r	l	m	25	3
8101992752	30.bmp	0.6056506	q	8	l	r	l	m	25	3
8101992752	70.bmp	0.6457502	q	12	l	r	l	m	25	3
8101992752	0.bmp	0.4631982	q	7	l	r	l	m	25	3
8101992752	30.bmp	0.7046103	w	2	l	r	l	m	25	3
8101992752	20.bmp	0.6726096	w	11	l	r	l	m	25	3
8101992752	20.bmp	0.6304296	w	5	l	r	l	m	25	3
8101992752	20.bmp	0.6102218	w	4	l	r	l	m	25	3
8101992752	10.bmp	0.4527732	w	11	l	r	l	m	25	3
8101992752	20.bmp	0.6071166	w	10	l	r	l	m	25	3
8101992752	50.bmp	0.5942916	w	13	l	r	l	m	25	3
8101992752	80.bmp	0.6238894	w	8	l	r	l	m	25	3
8101992752	80.bmp	0.5334566	w	13	l	r	l	m	25	3
8101992752	0.bmp	0.4413542	w	9	l	r	l	m	25	3
8101992752	50.bmp	0.7303276	q	4	l	r	l	m	25	3
8101992752	80.bmp	1.1551273	q	7	l	r	l	m	25	3
8101992752	10.bmp	0.6622424	w	9	l	r	l	m	25	3
8101992752	10.bmp	0.7995718	q	7	l	r	l	m	25	3
8101992752	40.bmp	1.1274224	w	13	l	r	l	m	25	3
8101992752	50.bmp	0.7015258	q	3	l	r	l	m	25	3
8101992752	10.bmp	0.6796158	w	2	l	r	l	m	25	3
8101992752	30.bmp	1.0370707	w	12	l	r	l	m	25	3
8101992752	30.bmp	0.5709985	q	5	l	r	l	m	25	3
8101992752	10.bmp	0.5040004	w	1	l	r	l	m	25	3
8101992752	10.bmp	0.4603536	w	6	l	r	l	m	25	3
8101992752	70.bmp	0.5899048	w	2	l	r	l	m	25	3
8101992752	20.bmp	0.8872565	q	8	l	r	l	m	25	3
8101992752	70.bmp	0.6775332	q	7	l	r	l	m	25	3
8101992752	50.bmp	0.5722197	w	6	l	r	l	m	25	3
8101992752	50.bmp	0.7308533	w	12	l	r	l	m	25	3
8101992752	60.bmp	0.7811722	q	6	l	r	l	m	25	3
8101992752	40.bmp	0.5955871	q	12	l	r	l	m	25	3
8101992752	80.bmp	0.6567937	q	5	l	r	l	m	25	3
8101992752	80.bmp	0.6919153	w	1	l	r	l	m	25	3
8101992752	0.bmp	0.8613123	w	1	l	r	l	m	25	3
8101992752	30.bmp	0.8030602	w	4	l	r	l	m	25	3
8101992752	70.bmp	0.6517474	q	13	l	r	l	m	25	3
8101992752	70.bmp	0.6053622	q	6	l	r	l	m	25	3
8101992752	20.bmp	0.6312062	w	1	l	r	l	m	25	3
8101992752	40.bmp	0.6044244	w	10	l	r	l	m	25	3
8101992752	20.bmp	0.6674825	w	6	l	r	l	m	25	3
8101992752	80.bmp	0.6996716	q	4	l	r	l	m	25	3
8101992752	40.bmp	0.6451405	w	5	l	r	l	m	25	3
8101992752	30.bmp	0.5846671	q	13	l	r	l	m	25	3
8101992752	30.bmp	0.5095446	q	3	l	r	l	m	25	3
8101992752	70.bmp	0.5191568	q	5	l	r	l	m	25	3
8101992752	50.bmp	0.5899394	q	11	l	r	l	m	25	3
8101992752	40.bmp	0.7941759	q	4	l	r	l	m	25	3
8101992752	10.bmp	0.3604707	w	13	l	r	l	m	25	3
8101992752	80.bmp	0.7328722	q	10	l	r	l	m	25	3
8101992752	0.bmp	0.5685348	q	4	l	r	l	m	25	3
8101992752	70.bmp	0.4508942	w	1	l	r	l	m	25	3
8101992752	50.bmp	0.397243	q	10	l	r	l	m	25	3
8101992752	30.bmp	0.6321649	q	6	l	r	l	m	25	3
8101992752	20.bmp	0.6442008	w	3	l	r	l	m	25	3
8101992752	80.bmp	0.5231495	q	12	l	r	l	m	25	3
8101992752	10.bmp	0.6065115	w	10	l	r	l	m	25	3
8101992752	50.bmp	0.5628118	q	9	l	r	l	m	25	3
8101992752	0.bmp	0.6852084	q	8	l	r	l	m	25	3
8101992752	60.bmp	0.4362481	q	13	l	r	l	m	25	3
8101992752	80.bmp	0.5657608	w	11	l	r	l	m	25	3
8101992752	10.bmp	0.6332637	q	3	l	r	l	m	25	3
8101992752	50.bmp	0.4967861	q	7	l	r	l	m	25	3
8101992752	70.bmp	0.4486384	w	9	l	r	l	m	25	3
8101992752	60.bmp	0.6285476	w	10	l	r	l	m	25	3
8101992752	20.bmp	0.7630068	w	2	l	r	l	m	25	3
8101992752	0.bmp	0.4512958	w	3	l	r	l	m	25	3
8101992752	80.bmp	0.4777158	w	2	l	r	l	m	25	3
8101992752	10.bmp	0.5137272	w	4	l	r	l	m	25	3
8101992752	30.bmp	0.6437024	q	11	l	r	l	m	25	3
8101992752	60.bmp	0.6500935	q	1	l	r	l	m	25	3
8101992752	10.bmp	0.6636908	w	8	l	r	l	m	25	3
8101992752	0.bmp	0.6371844	q	5	l	r	l	m	25	3
8101992752	50.bmp	0.6719397	w	1	l	r	l	m	25	3
8101992752	60.bmp	0.5237997	w	9	l	r	l	m	25	3
8101992752	60.bmp	0.41063	w	5	l	r	l	m	25	3
8101992752	10.bmp	0.5606326	w	12	l	r	l	m	25	3
8101992752	70.bmp	0.5772013	w	4	l	r	l	m	25	3
8101992752	60.bmp	0.6081546	w	8	l	r	l	m	25	3
8101992752	0.bmp	0.6125028	w	12	l	r	l	m	25	3
8101992752	70.bmp	0.6834863	w	10	l	r	l	m	25	3
8101992752	80.bmp	0.5078199	w	9	l	r	l	m	25	3
8101992752	40.bmp	0.3974738	w	8	l	r	l	m	25	3
8101992752	40.bmp	0.6290681	w	1	l	r	l	m	25	3
8101992752	50.bmp	0.3624901	w	8	l	r	l	m	25	3
8101992752	50.bmp	0.4445307	w	5	l	r	l	m	25	3
8101992752	60.bmp	0.3753276	w	7	l	r	l	m	25	3
8101992752	30.bmp	0.3633577	w	7	l	r	l	m	25	3
8101992752	60.bmp	0.4174541	w	2	l	r	l	m	25	3
8101992752	30.bmp	0.3177078	w	9	l	r	l	m	25	3
8101992752	0.bmp	0.3270822	w	11	l	r	l	m	25	3
8101992752	40.bmp	0.3540798	q	2	l	r	l	m	25	3
8101992752	40.bmp	0.6539971	q	6	l	r	l	m	25	3
8101992752	0.bmp	0.6803433	w	10	l	r	l	m	25	3
8101992752	0.bmp	0.5914792	q	2	l	r	l	m	25	3
8101992752	40.bmp	0.3491582	w	7	l	r	l	m	25	3
8101992752	40.bmp	0.6089784	w	11	l	r	l	m	25	3
8101992752	10.bmp	0.538154	w	5	l	r	l	m	25	3
8101992752	30.bmp	0.4835404	w	1	l	r	l	m	25	3
8101992752	70.bmp	0.484346	w	11	l	r	l	m	25	3
8101992752	0.bmp	0.5076608	q	13	l	r	l	m	25	3
8101992752	60.bmp	0.6638931	q	10	l	r	l	m	25	3
8101992752	0.bmp	0.4389375	w	3	l	r	l	m	25	3
8101992752	50.bmp	0.4888902	w	9	l	r	l	m	25	3
8101992752	70.bmp	0.4142487	q	11	l	r	l	m	25	3
8101992752	80.bmp	0.5330672	q	11	l	r	l	m	25	3
8101992752	60.bmp	0.6720237	q	1	l	r	l	m	25	3
8101992752	80.bmp	0.5833057	q	5	l	r	l	m	25	3
8101992752	20.bmp	0.7780062	q	3	l	r	l	m	25	3
8101992752	10.bmp	0.4001623	q	12	l	r	l	m	25	3
8101992752	70.bmp	0.4611364	q	7	l	r	l	m	25	3
8101992752	30.bmp	0.4660647	q	1	l	r	l	m	25	3
8101992752	20.bmp	0.5726561	w	5	l	r	l	m	25	3
8101992752	30.bmp	0.4633814	w	3	l	r	l	m	25	3
8101992752	50.bmp	0.5012652	q	8	l	r	l	m	25	3
8101992752	60.bmp	0.6927904	q	7	l	r	l	m	25	3
8101992752	40.bmp	0.5501627	w	11	l	r	l	m	25	3
8101992752	10.bmp	0.5257223	q	7	l	r	l	m	25	3
8101992752	60.bmp	0.5478907	q	5	l	r	l	m	25	3
8101992752	50.bmp	0.5192008	q	3	l	r	l	m	25	3
8101992752	10.bmp	0.4364091	q	3	l	r	l	m	25	3
8101992752	30.bmp	0.5533175	w	11	l	r	l	m	25	3
8101992752	20.bmp	0.6068153	w	10	l	r	l	m	25	3
8101992752	0.bmp	0.7728217	q	4	l	r	l	m	25	3
8101992752	0.bmp	0.6657337	q	10	l	r	l	m	25	3
8101992752	60.bmp	0.4977342	q	9	l	r	l	m	25	3
8101992752	70.bmp	0.5459918	q	13	l	r	l	m	25	3
8101992752	70.bmp	0.5064362	q	10	l	r	l	m	25	3
8101992752	30.bmp	0.5777588	w	13	l	r	l	m	25	3
8101992752	30.bmp	0.3311061	q	9	l	r	l	m	25	3
8101992752	30.bmp	0.3987821	q	8	l	r	l	m	25	3
8101992752	10.bmp	0.329487	q	11	l	r	l	m	25	3
8101992752	10.bmp	0.5147759	q	10	l	r	l	m	25	3
8101992752	30.bmp	0.3805366	w	6	l	r	l	m	25	3
8101992752	50.bmp	0.7588634	w	12	l	r	l	m	25	3
8101992752	20.bmp	0.7538065	w	2	l	r	l	m	25	3
8101992752	20.bmp	0.5575097	w	1	l	r	l	m	25	3
8101992752	0.bmp	0.674262	w	6	l	r	l	m	25	3
8101992752	70.bmp	0.4229608	q	1	l	r	l	m	25	3
8101992752	20.bmp	0.3897901	w	6	l	r	l	m	25	3
8101992752	20.bmp	0.8327343	q	11	l	r	l	m	25	3
8101992752	70.bmp	0.6245657	q	9	l	r	l	m	25	3
8101992752	40.bmp	0.555492	q	6	l	r	l	m	25	3
8101992752	30.bmp	0.4760304	q	7	l	r	l	m	25	3
8101992752	30.bmp	0.7112743	q	12	l	r	l	m	25	3
8101992752	80.bmp	0.4370837	q	4	l	r	l	m	25	3
8101992752	20.bmp	0.5918097	w	8	l	r	l	m	25	3
8101992752	0.bmp	0.4455671	q	12	l	r	l	m	25	3
8101992752	30.bmp	0.6363857	q	10	l	r	l	m	25	3
8101992752	60.bmp	0.6937757	q	13	l	r	l	m	25	3
8101992752	30.bmp	0.486156	q	4	l	r	l	m	25	3
8101992752	0.bmp	0.598525	q	13	l	r	l	m	25	3
8101992752	40.bmp	0.6748713	q	7	l	r	l	m	25	3
8101992752	80.bmp	0.5001879	q	9	l	r	l	m	25	3
8101992752	60.bmp	0.4305096	q	12	l	r	l	m	25	3
8101992752	50.bmp	0.3618391	q	4	l	r	l	m	25	3
8101992752	10.bmp	0.3472674	q	4	l	r	l	m	25	3
8101992752	70.bmp	0.3143769	q	4	l	r	l	m	25	3
8101992752	20.bmp	0.4900518	q	9	l	r	l	m	25	3
8101992752	70.bmp	0.3560892	w	2	l	r	l	m	25	3
8101992752	20.bmp	0.3391024	q	4	l	r	l	m	25	3
8101992752	40.bmp	0.5362249	q	12	l	r	l	m	25	3
8101992752	10.bmp	0.6434204	w	1	l	r	l	m	25	3
8101992752	80.bmp	1.0363641	q	8	l	r	l	m	25	3
8101992752	30.bmp	0.5999118	q	2	l	r	l	m	25	3
8101992752	60.bmp	0.4922343	w	4	l	r	l	m	25	3
8101992752	10.bmp	0.6568058	q	8	l	r	l	m	25	3
8101992752	0.bmp	0.5003809	q	1	l	r	l	m	25	3
8101992752	50.bmp	0.6273248	q	7	l	r	l	m	25	3
8101992752	60.bmp	0.5772941	q	6	l	r	l	m	25	3
8101992752	20.bmp	0.4771052	q	7	l	r	l	m	25	3
8101992752	70.bmp	0.597655	w	5	l	r	l	m	25	3
8101992752	70.bmp	0.583949	q	8	l	r	l	m	25	3
8101992752	40.bmp	0.5147408	q	5	l	r	l	m	25	3
8101992752	40.bmp	0.6550425	w	2	l	r	l	m	25	3
8101992752	10.bmp	0.4265713	w	13	l	r	l	m	25	3
8101992752	50.bmp	0.4870833	w	13	l	r	l	m	25	3
8101992752	10.bmp	0.3459707	q	9	l	r	l	m	25	3
8101992752	0.bmp	0.4059541	q	9	l	r	l	m	25	3
8101992752	70.bmp	0.5258834	q	12	l	r	l	m	25	3
8101992752	40.bmp	0.5934361	w	1	l	r	l	m	25	3
8101992752	40.bmp	0.5755258	q	4	l	r	l	m	25	3
8101992752	50.bmp	0.4629676	q	1	l	r	l	m	25	3
8101992752	10.bmp	0.3481658	w	2	l	r	l	m	25	3
8101992752	30.bmp	0.3106153	w	5	l	r	l	m	25	3
8101992752	0.bmp	0.5261977	w	5	l	r	l	m	25	3
8101992752	0.bmp	0.2013151	q	11	l	r	l	m	25	3
8101992752	20.bmp	0.5492428	w	12	l	r	l	m	25	3
8101992752	80.bmp	0.3775625	w	13	l	r	l	m	25	3
8101992752	0.bmp	0.5788099	w	8	l	r	l	m	25	3
8101992752	50.bmp	0.5493629	q	6	l	r	l	m	25	3
8101992752	20.bmp	0.4704873	w	13	l	r	l	m	25	3
8101992752	40.bmp	0.7042127	w	3	l	r	l	m	25	3
8101992752	40.bmp	0.4779589	w	8	l	r	l	m	25	3
8101992752	80.bmp	0.5761852	w	1	l	r	l	m	25	3
8101992752	40.bmp	0.4706018	w	9	l	r	l	m	25	3
8101992752	70.bmp	0.6015149	w	6	l	r	l	m	25	3
8101992752	40.bmp	0.5328003	q	10	l	r	l	m	25	3
8101992752	10.bmp	0.8379849	w	5	l	r	l	m	25	3
8101992752	10.bmp	0.5899436	w	6	l	r	l	m	25	3
8101992752	50.bmp	0.7073074	q	11	l	r	l	m	25	3
8101992752	70.bmp	0.6562271	q	3	l	r	l	m	25	3
8101992752	50.bmp	0.6517244	w	10	l	r	l	m	25	3
8101992752	80.bmp	0.6709945	q	7	l	r	l	m	25	3
8101992752	80.bmp	0.7045286	w	10	l	r	l	m	25	3
8101992752	80.bmp	0.7464962	q	2	l	r	l	m	25	3
8101992752	80.bmp	0.6444847	q	6	l	r	l	m	25	3
8101992752	60.bmp	0.528683	q	8	l	r	l	m	25	3
8101992752	80.bmp	0.5534294	q	12	l	r	l	m	25	3
8101992752	60.bmp	0.4782506	q	11	l	r	l	m	25	3
8101992752	50.bmp	0.5761026	q	2	l	r	l	m	25	3
8101992752	60.bmp	0.3939073	q	3	l	r	l	m	25	3
8101992752	80.bmp	0.3836201	q	3	l	r	l	m	25	3
8101992752	60.bmp	0.5086696	q	2	l	r	l	m	25	3
8101992752	50.bmp	0.5610213	q	5	l	r	l	m	25	3
8101992752	0.bmp	0.5560957	q	7	l	r	l	m	25	3
8101992752	40.bmp	0.5281359	q	13	l	r	l	m	25	3
8101992752	0.bmp	0.4856816	q	2	l	r	l	m	25	3
