sbj,stm,rt,key,pos,uhnd,hndns,eye,sex,age,edu
8101992751,60.bmp,7.9820393,p,2,r,r,r,m,23,3
8101992751,40.bmp,0.6388097,o,12,r,r,r,m,23,3
8101992751,70.bmp,5.6539285,p,1,r,r,r,m,23,3
8101992751,0.bmp,5.0249609,o,8,r,r,r,m,23,3
8101992751,80.bmp,2.8693738,p,9,r,r,r,m,23,3
8101992751,20.bmp,0.5402658,o,8,r,r,r,m,23,3
8101992751,20.bmp,1.0354476,p,11,r,r,r,m,23,3
8101992751,80.bmp,2.4107775,o,8,r,r,r,m,23,3
8101992751,60.bmp,1.8460352,o,11,r,r,r,m,23,3
8101992751,20.bmp,1.6550874,p,3,r,r,r,m,23,3
8101992751,50.bmp,3.0884624,o,1,r,r,r,m,23,3
8101992751,10.bmp,0.9921666,p,2,r,r,r,m,23,3
8101992751,0.bmp,0.9569793,p,1,r,r,r,m,23,3
8101992751,70.bmp,1.0144381,p,2,r,r,r,m,23,3
8101992751,0.bmp,1.6891094,o,5,r,r,r,m,23,3
8101992751,60.bmp,1.2015306,p,1,r,r,r,m,23,3
8101992751,0.bmp,1.5486366,o,12,r,r,r,m,23,3
8101992751,40.bmp,2.4976943,p,8,r,r,r,m,23,3
8101992751,70.bmp,7.5995153,p,5,r,r,r,m,23,3
8101992751,40.bmp,3.0699029,p,3,r,r,r,m,23,3
8101992751,80.bmp,1.4575323,o,11,r,r,r,m,23,3
8101992751,40.bmp,1.0478775,o,5,r,r,r,m,23,3
8101992751,20.bmp,1.3211366,p,10,r,r,r,m,23,3
8101992751,10.bmp,1.0872076,p,8,r,r,r,m,23,3
8101992751,20.bmp,2.4482238,p,2,r,r,r,m,23,3
8101992751,70.bmp,0.8166665,p,8,r,r,r,m,23,3
8101992751,10.bmp,0.9011559,o,10,r,r,r,m,23,3
8101992751,50.bmp,2.05794,p,2,r,r,r,m,23,3
8101992751,10.bmp,0.4925798,o,5,r,r,r,m,23,3
8101992751,80.bmp,0.7028968,p,7,r,r,r,m,23,3
8101992751,50.bmp,0.4576328,p,11,r,r,r,m,23,3
8101992751,20.bmp,2.5406795,p,5,r,r,r,m,23,3
8101992751,50.bmp,1.507114,p,8,r,r,r,m,23,3
8101992751,60.bmp,3.7432199,p,13,r,r,r,m,23,3
8101992751,80.bmp,0.5734647,p,3,r,r,r,m,23,3
8101992751,50.bmp,0.7150158,p,3,r,r,r,m,23,3
8101992751,10.bmp,0.400726,o,6,r,r,r,m,23,3
8101992751,0.bmp,0.9164182,o,13,r,r,r,m,23,3
8101992751,80.bmp,1.708579,p,13,r,r,r,m,23,3
8101992751,40.bmp,1.3386402,o,11,r,r,r,m,23,3
8101992751,40.bmp,1.9265444,o,2,r,r,r,m,23,3
8101992751,80.bmp,1.1396182,p,12,r,r,r,m,23,3
8101992751,10.bmp,0.9466647,o,7,r,r,r,m,23,3
8101992751,50.bmp,0.9878182,p,13,r,r,r,m,23,3
8101992751,50.bmp,0.9189439,o,6,r,r,r,m,23,3
8101992751,0.bmp,0.9496109,o,6,r,r,r,m,23,3
8101992751,50.bmp,7.3079132,o,5,r,r,r,m,23,3
8101992751,30.bmp,1.2640659,p,8,r,r,r,m,23,3
8101992751,30.bmp,1.0104692,o,12,r,r,r,m,23,3
8101992751,70.bmp,0.7802215,p,11,r,r,r,m,23,3
8101992751,40.bmp,0.8989313,p,9,r,r,r,m,23,3
8101992751,40.bmp,0.7478516,p,4,r,r,r,m,23,3
8101992751,10.bmp,1.992134,o,11,r,r,r,m,23,3
8101992751,20.bmp,1.5473821,p,13,r,r,r,m,23,3
8101992751,40.bmp,1.2051917,p,7,r,r,r,m,23,3
8101992751,30.bmp,0.7084693,p,13,r,r,r,m,23,3
8101992751,60.bmp,0.658105,o,3,r,r,r,m,23,3
8101992751,50.bmp,0.821253,o,9,r,r,r,m,23,3
8101992751,60.bmp,1.6103848,p,8,r,r,r,m,23,3
8101992751,80.bmp,1.3950742,o,6,r,r,r,m,23,3
8101992751,30.bmp,1.327056,p,10,r,r,r,m,23,3
8101992751,0.bmp,2.9362038,o,11,r,r,r,m,23,3
8101992751,60.bmp,0.9440957,p,10,r,r,r,m,23,3
8101992751,30.bmp,0.7348217,o,7,r,r,r,m,23,3
8101992751,20.bmp,0.6692232,p,9,r,r,r,m,23,3
8101992751,0.bmp,0.5977694,o,7,r,r,r,m,23,3
8101992751,50.bmp,0.5970135,p,7,r,r,r,m,23,3
8101992751,70.bmp,0.705067,o,10,r,r,r,m,23,3
8101992751,0.bmp,0.6640655,p,3,r,r,r,m,23,3
8101992751,40.bmp,0.6322143,p,1,r,r,r,m,23,3
8101992751,40.bmp,0.8031452,p,13,r,r,r,m,23,3
8101992751,30.bmp,1.0540019,p,9,r,r,r,m,23,3
8101992751,50.bmp,0.6534281,p,4,r,r,r,m,23,3
8101992751,70.bmp,0.6105878,p,12,r,r,r,m,23,3
8101992751,0.bmp,0.3818808,p,4,r,r,r,m,23,3
8101992751,70.bmp,0.5074728,p,7,r,r,r,m,23,3
8101992751,50.bmp,0.516374,p,12,r,r,r,m,23,3
8101992751,30.bmp,0.5185971,o,5,r,r,r,m,23,3
8101992751,20.bmp,0.546757,o,7,r,r,r,m,23,3
8101992751,60.bmp,0.6821536,o,12,r,r,r,m,23,3
8101992751,10.bmp,0.7420281,p,3,r,r,r,m,23,3
8101992751,30.bmp,0.6781685,o,11,r,r,r,m,23,3
8101992751,70.bmp,0.4997959,p,3,r,r,r,m,23,3
8101992751,60.bmp,0.6050913,o,7,r,r,r,m,23,3
8101992751,10.bmp,0.6232855,p,9,r,r,r,m,23,3
8101992751,70.bmp,0.6811128,o,9,r,r,r,m,23,3
8101992751,20.bmp,0.7169781,p,12,r,r,r,m,23,3
8101992751,80.bmp,0.6808006,o,4,r,r,r,m,23,3
8101992751,10.bmp,0.6647894,p,13,r,r,r,m,23,3
8101992751,60.bmp,0.6425253,p,4,r,r,r,m,23,3
8101992751,80.bmp,0.5522141,p,10,r,r,r,m,23,3
8101992751,80.bmp,0.329987,o,1,r,r,r,m,23,3
8101992751,40.bmp,0.4514202,o,10,r,r,r,m,23,3
8101992751,0.bmp,0.5854229,o,10,r,r,r,m,23,3
8101992751,20.bmp,0.4671121,o,1,r,r,r,m,23,3
8101992751,60.bmp,1.3102225,p,6,r,r,r,m,23,3
8101992751,30.bmp,1.1377446,o,2,r,r,r,m,23,3
8101992751,0.bmp,0.9188261,p,9,r,r,r,m,23,3
8101992751,10.bmp,0.5747284,o,4,r,r,r,m,23,3
8101992751,80.bmp,0.5099186,p,5,r,r,r,m,23,3
8101992751,70.bmp,0.9010501,o,13,r,r,r,m,23,3
8101992751,30.bmp,0.5526268,p,6,r,r,r,m,23,3
8101992751,20.bmp,0.6136035,o,4,r,r,r,m,23,3
8101992751,70.bmp,0.5587055,p,6,r,r,r,m,23,3
8101992751,30.bmp,0.4653832,o,3,r,r,r,m,23,3
8101992751,50.bmp,0.4193133,p,10,r,r,r,m,23,3
8101992751,30.bmp,0.3022909,o,4,r,r,r,m,23,3
8101992751,10.bmp,0.2929261,p,1,r,r,r,m,23,3
8101992751,80.bmp,0.2931847,o,2,r,r,r,m,23,3
8101992751,40.bmp,0.2734853,p,6,r,r,r,m,23,3
8101992751,70.bmp,0.2862013,o,4,r,r,r,m,23,3
8101992751,20.bmp,0.2853697,p,6,r,r,r,m,23,3
8101992751,30.bmp,0.416414,o,1,r,r,r,m,23,3
8101992751,0.bmp,0.2407486,p,2,r,r,r,m,23,3
8101992751,60.bmp,0.7026422,p,9,r,r,r,m,23,3
8101992751,10.bmp,0.4275172,p,12,r,r,r,m,23,3
8101992751,60.bmp,0.2542592,o,5,r,r,r,m,23,3
8101992751,20.bmp,0.4616407,o,7,r,r,r,m,23,3
8101992751,50.bmp,0.4430821,o,12,r,r,r,m,23,3
8101992751,30.bmp,0.3211458,p,1,r,r,r,m,23,3
8101992751,70.bmp,0.8281051,p,13,r,r,r,m,23,3
8101992751,10.bmp,0.3194776,p,12,r,r,r,m,23,3
8101992751,80.bmp,0.4095269,o,10,r,r,r,m,23,3
8101992751,80.bmp,0.6029998,p,12,r,r,r,m,23,3
8101992751,40.bmp,0.7400476,p,11,r,r,r,m,23,3
8101992751,30.bmp,0.4206052,o,13,r,r,r,m,23,3
8101992751,10.bmp,0.4519916,p,6,r,r,r,m,23,3
8101992751,40.bmp,0.3727271,o,5,r,r,r,m,23,3
8101992751,20.bmp,0.492319,p,9,r,r,r,m,23,3
8101992751,40.bmp,0.4645559,o,8,r,r,r,m,23,3
8101992751,50.bmp,0.4733171,p,11,r,r,r,m,23,3
8101992751,30.bmp,0.581746,o,7,r,r,r,m,23,3
8101992751,50.bmp,0.5217257,p,10,r,r,r,m,23,3
8101992751,40.bmp,0.5001225,o,6,r,r,r,m,23,3
8101992751,80.bmp,0.5142297,p,7,r,r,r,m,23,3
8101992751,60.bmp,0.4844318,o,9,r,r,r,m,23,3
8101992751,10.bmp,0.4374231,p,1,r,r,r,m,23,3
8101992751,80.bmp,0.4752024,o,5,r,r,r,m,23,3
8101992751,70.bmp,0.4492559,p,12,r,r,r,m,23,3
8101992751,70.bmp,0.4349381,o,1,r,r,r,m,23,3
8101992751,40.bmp,0.4015478,p,9,r,r,r,m,23,3
8101992751,60.bmp,0.459568,o,1,r,r,r,m,23,3
8101992751,80.bmp,0.3888147,p,3,r,r,r,m,23,3
8101992751,80.bmp,0.3334094,o,2,r,r,r,m,23,3
8101992751,0.bmp,0.3902701,p,12,r,r,r,m,23,3
8101992751,80.bmp,0.3511541,o,8,r,r,r,m,23,3
8101992751,10.bmp,0.4311686,p,11,r,r,r,m,23,3
8101992751,50.bmp,0.4934027,p,6,r,r,r,m,23,3
8101992751,40.bmp,0.5492695,o,4,r,r,r,m,23,3
8101992751,30.bmp,0.4139121,p,10,r,r,r,m,23,3
8101992751,70.bmp,0.3976652,p,9,r,r,r,m,23,3
8101992751,50.bmp,0.3224757,p,8,r,r,r,m,23,3
8101992751,50.bmp,0.3892939,p,2,r,r,r,m,23,3
8101992751,30.bmp,0.3883815,p,5,r,r,r,m,23,3
8101992751,0.bmp,0.5871062,p,8,r,r,r,m,23,3
8101992751,10.bmp,0.419037,o,10,r,r,r,m,23,3
8101992751,50.bmp,0.3683603,o,7,r,r,r,m,23,3
8101992751,30.bmp,0.2865719,p,2,r,r,r,m,23,3
8101992751,60.bmp,0.3677385,o,6,r,r,r,m,23,3
8101992751,20.bmp,0.3759302,p,4,r,r,r,m,23,3
8101992751,20.bmp,0.3569129,p,3,r,r,r,m,23,3
8101992751,40.bmp,0.3171221,p,13,r,r,r,m,23,3
8101992751,50.bmp,0.2104535,o,13,r,r,r,m,23,3
8101992751,20.bmp,0.3311971,p,12,r,r,r,m,23,3
8101992751,0.bmp,0.330092,o,4,r,r,r,m,23,3
8101992751,70.bmp,0.4166759,p,2,r,r,r,m,23,3
8101992751,0.bmp,0.3219433,o,3,r,r,r,m,23,3
8101992751,10.bmp,0.3192987,p,3,r,r,r,m,23,3
8101992751,50.bmp,0.4770344,o,4,r,r,r,m,23,3
8101992751,20.bmp,0.668402,p,1,r,r,r,m,23,3
8101992751,20.bmp,0.7530885,p,10,r,r,r,m,23,3
8101992751,0.bmp,0.570949,p,11,r,r,r,m,23,3
8101992751,60.bmp,0.5169982,p,5,r,r,r,m,23,3
8101992751,70.bmp,0.6994184,o,8,r,r,r,m,23,3
8101992751,80.bmp,0.4110671,o,4,r,r,r,m,23,3
8101992751,60.bmp,0.4567493,p,4,r,r,r,m,23,3
8101992751,80.bmp,0.4067163,o,11,r,r,r,m,23,3
8101992751,40.bmp,0.4165514,p,12,r,r,r,m,23,3
8101992751,0.bmp,0.4316329,o,5,r,r,r,m,23,3
8101992751,10.bmp,0.5456195,p,5,r,r,r,m,23,3
8101992751,40.bmp,0.6193668,p,10,r,r,r,m,23,3
8101992751,50.bmp,0.4390866,p,3,r,r,r,m,23,3
8101992751,70.bmp,0.3707447,o,3,r,r,r,m,23,3
8101992751,60.bmp,0.4807088,p,10,r,r,r,m,23,3
8101992751,50.bmp,0.4268928,o,5,r,r,r,m,23,3
8101992751,30.bmp,0.513496,p,4,r,r,r,m,23,3
8101992751,20.bmp,0.8662151,p,6,r,r,r,m,23,3
8101992751,0.bmp,0.3479351,p,10,r,r,r,m,23,3
8101992751,40.bmp,0.4065672,p,1,r,r,r,m,23,3
8101992751,80.bmp,0.3264333,o,9,r,r,r,m,23,3
8101992751,0.bmp,0.2853203,p,13,r,r,r,m,23,3
8101992751,10.bmp,0.2251288,o,13,r,r,r,m,23,3
8101992751,70.bmp,0.2613418,p,7,r,r,r,m,23,3
8101992751,30.bmp,0.3026094,o,9,r,r,r,m,23,3
8101992751,20.bmp,0.216319,p,8,r,r,r,m,23,3
8101992751,70.bmp,0.1210702,o,11,r,r,r,m,23,3
8101992751,70.bmp,0.1405433,p,10,r,r,r,m,23,3
8101992751,60.bmp,0.1476883,o,7,r,r,r,m,23,3
8101992751,50.bmp,0.0714977,p,1,r,r,r,m,23,3
8101992751,80.bmp,0.1864911,o,1,r,r,r,m,23,3
8101992751,60.bmp,0.1594473,p,12,r,r,r,m,23,3
8101992751,30.bmp,0.2058565,o,12,r,r,r,m,23,3
8101992751,20.bmp,0.1305632,p,13,r,r,r,m,23,3
8101992751,60.bmp,0.1567892,o,11,r,r,r,m,23,3
8101992751,30.bmp,0.1574572,p,3,r,r,r,m,23,3
8101992751,60.bmp,0.2273795,o,2,r,r,r,m,23,3
8101992751,30.bmp,0.1701226,p,6,r,r,r,m,23,3
8101992751,10.bmp,0.1582659,p,4,r,r,r,m,23,3
8101992751,60.bmp,0.1016243,o,3,r,r,r,m,23,3
8101992751,0.bmp,0.0599944,p,7,r,r,r,m,23,3
8101992751,10.bmp,0.080643,o,9,r,r,r,m,23,3
8101992751,40.bmp,0.0834755,p,2,r,r,r,m,23,3
8101992751,60.bmp,0.0474244,o,8,r,r,r,m,23,3
8101992751,60.bmp,0.1698044,p,13,r,r,r,m,23,3
8101992751,50.bmp,0.3633899,p,9,r,r,r,m,23,3
8101992751,0.bmp,0.375032,o,2,r,r,r,m,23,3
8101992751,10.bmp,0.39065,o,7,r,r,r,m,23,3
8101992751,20.bmp,0.5504193,p,5,r,r,r,m,23,3
8101992751,0.bmp,0.3600658,o,9,r,r,r,m,23,3
8101992751,30.bmp,0.3912344,p,8,r,r,r,m,23,3
8101992751,20.bmp,0.3277436,o,2,r,r,r,m,23,3
8101992751,80.bmp,0.4620084,p,13,r,r,r,m,23,3
8101992751,70.bmp,0.335979,o,5,r,r,r,m,23,3
8101992751,0.bmp,0.5064588,p,1,r,r,r,m,23,3
8101992751,10.bmp,0.4367334,p,2,r,r,r,m,23,3
8101992751,70.bmp,0.2998453,o,4,r,r,r,m,23,3
8101992751,40.bmp,0.3242441,p,7,r,r,r,m,23,3
8101992751,30.bmp,0.2864798,o,11,r,r,r,m,23,3
8101992751,20.bmp,0.3570511,p,11,r,r,r,m,23,3
8101992751,0.bmp,0.3168004,o,6,r,r,r,m,23,3
8101992751,70.bmp,0.3194022,p,6,r,r,r,m,23,3
8101992751,80.bmp,0.2870895,o,6,r,r,r,m,23,3
8101992751,10.bmp,0.4471106,p,8,r,r,r,m,23,3
8101992751,40.bmp,0.4154004,o,3,r,r,r,m,23,3
8101992751,20.bmp,1.2264189,w,12,l,r,r,m,23,3
8101992751,20.bmp,1.1402002,w,10,l,r,r,m,23,3
8101992751,20.bmp,1.0011603,w,13,l,r,r,m,23,3
8101992751,40.bmp,1.1399697,w,4,l,r,r,m,23,3
8101992751,70.bmp,0.8355153,q,13,l,r,r,m,23,3
8101992751,10.bmp,1.0496499,q,13,l,r,r,m,23,3
8101992751,10.bmp,1.1424222,q,3,l,r,r,m,23,3
8101992751,10.bmp,0.8063022,q,5,l,r,r,m,23,3
8101992751,0.bmp,2.9928981,q,4,l,r,r,m,23,3
8101992751,70.bmp,1.2927723,q,6,l,r,r,m,23,3
8101992751,50.bmp,0.9161794,w,2,l,r,r,m,23,3
8101992751,30.bmp,0.8565383,w,10,l,r,r,m,23,3
8101992751,50.bmp,1.057734,q,6,l,r,r,m,23,3
8101992751,60.bmp,0.9999235,w,8,l,r,r,m,23,3
8101992751,80.bmp,2.4846998,w,2,l,r,r,m,23,3
8101992751,30.bmp,1.2842033,q,6,l,r,r,m,23,3
8101992751,0.bmp,1.2909321,q,13,l,r,r,m,23,3
8101992751,60.bmp,0.9240393,q,7,l,r,r,m,23,3
8101992751,0.bmp,1.6011111,w,7,l,r,r,m,23,3
8101992751,30.bmp,1.1861147,w,7,l,r,r,m,23,3
8101992751,60.bmp,1.7633565,w,3,l,r,r,m,23,3
8101992751,30.bmp,1.0871449,w,3,l,r,r,m,23,3
8101992751,20.bmp,0.8704656,w,9,l,r,r,m,23,3
8101992751,70.bmp,1.2658458,w,2,l,r,r,m,23,3
8101992751,60.bmp,1.2361073,q,2,l,r,r,m,23,3
8101992751,70.bmp,0.7396167,w,12,l,r,r,m,23,3
8101992751,30.bmp,0.7583815,q,4,l,r,r,m,23,3
8101992751,70.bmp,1.2949714,w,1,l,r,r,m,23,3
8101992751,60.bmp,1.3193115,q,6,l,r,r,m,23,3
8101992751,40.bmp,0.6221982,w,7,l,r,r,m,23,3
8101992751,70.bmp,0.4837681,q,5,l,r,r,m,23,3
8101992751,80.bmp,0.3944584,w,6,l,r,r,m,23,3
8101992751,10.bmp,0.4754656,w,8,l,r,r,m,23,3
8101992751,50.bmp,0.3908985,q,1,l,r,r,m,23,3
8101992751,40.bmp,0.2624535,w,13,l,r,r,m,23,3
8101992751,0.bmp,0.2990282,q,5,l,r,r,m,23,3
8101992751,0.bmp,0.3169773,w,10,l,r,r,m,23,3
8101992751,50.bmp,0.1531392,q,5,l,r,r,m,23,3
8101992751,70.bmp,0.3606014,q,11,l,r,r,m,23,3
8101992751,30.bmp,0.3228469,w,11,l,r,r,m,23,3
8101992751,0.bmp,0.646065,q,2,l,r,r,m,23,3
8101992751,0.bmp,0.5063813,w,11,l,r,r,m,23,3
8101992751,50.bmp,0.5782467,q,7,l,r,r,m,23,3
8101992751,0.bmp,0.7099348,w,9,l,r,r,m,23,3
8101992751,70.bmp,0.5811621,q,4,l,r,r,m,23,3
8101992751,80.bmp,0.7386443,w,13,l,r,r,m,23,3
8101992751,0.bmp,0.5973427,q,12,l,r,r,m,23,3
8101992751,0.bmp,1.4516866,w,8,l,r,r,m,23,3
8101992751,50.bmp,0.8707371,w,8,l,r,r,m,23,3
8101992751,60.bmp,1.6805011,q,9,l,r,r,m,23,3
8101992751,70.bmp,1.0815187,w,8,l,r,r,m,23,3
8101992751,40.bmp,0.9260974,q,11,l,r,r,m,23,3
8101992751,80.bmp,1.1873563,w,8,l,r,r,m,23,3
8101992751,40.bmp,1.1600239,w,8,l,r,r,m,23,3
8101992751,70.bmp,0.9933454,w,7,l,r,r,m,23,3
8101992751,10.bmp,0.6680528,q,6,l,r,r,m,23,3
8101992751,40.bmp,1.0438392,q,2,l,r,r,m,23,3
8101992751,20.bmp,1.069728,q,7,l,r,r,m,23,3
8101992751,60.bmp,1.2285591,w,10,l,r,r,m,23,3
8101992751,40.bmp,0.723923,q,6,l,r,r,m,23,3
8101992751,20.bmp,0.7318128,q,11,l,r,r,m,23,3
8101992751,50.bmp,0.8802902,w,11,l,r,r,m,23,3
8101992751,50.bmp,0.6644287,q,9,l,r,r,m,23,3
8101992751,50.bmp,1.3070793,w,10,l,r,r,m,23,3
8101992751,40.bmp,1.3763832,q,9,l,r,r,m,23,3
8101992751,80.bmp,1.0005786,w,3,l,r,r,m,23,3
8101992751,30.bmp,1.6570265,q,2,l,r,r,m,23,3
8101992751,40.bmp,1.4171425,w,5,l,r,r,m,23,3
8101992751,80.bmp,1.8644704,q,1,l,r,r,m,23,3
8101992751,20.bmp,0.7935946,w,1,l,r,r,m,23,3
8101992751,10.bmp,2.5500457,w,2,l,r,r,m,23,3
8101992751,30.bmp,1.1847885,q,8,l,r,r,m,23,3
8101992751,60.bmp,0.9633504,q,11,l,r,r,m,23,3
8101992751,0.bmp,0.8118257,w,1,l,r,r,m,23,3
8101992751,70.bmp,0.9852863,q,10,l,r,r,m,23,3
8101992751,70.bmp,1.3755088,q,3,l,r,r,m,23,3
8101992751,10.bmp,1.2386162,w,7,l,r,r,m,23,3
8101992751,10.bmp,0.9541931,q,4,l,r,r,m,23,3
8101992751,10.bmp,0.7978125,w,9,l,r,r,m,23,3
8101992751,50.bmp,0.7433386,w,3,l,r,r,m,23,3
8101992751,60.bmp,0.9478379,w,13,l,r,r,m,23,3
8101992751,0.bmp,0.7911785,q,6,l,r,r,m,23,3
8101992751,20.bmp,0.8792054,w,5,l,r,r,m,23,3
8101992751,20.bmp,1.0222468,w,4,l,r,r,m,23,3
8101992751,80.bmp,1.6130432,w,4,l,r,r,m,23,3
8101992751,30.bmp,0.9234439,w,13,l,r,r,m,23,3
8101992751,30.bmp,0.8896216,q,12,l,r,r,m,23,3
8101992751,80.bmp,1.2229695,w,9,l,r,r,m,23,3
8101992751,10.bmp,1.9390093,q,12,l,r,r,m,23,3
8101992751,80.bmp,3.263449,w,12,l,r,r,m,23,3
8101992751,60.bmp,3.3779126,q,4,l,r,r,m,23,3
8101992751,0.bmp,2.108114,w,3,l,r,r,m,23,3
8101992751,60.bmp,1.6021716,q,12,l,r,r,m,23,3
8101992751,30.bmp,1.0234022,w,5,l,r,r,m,23,3
8101992751,10.bmp,1.2130237,q,11,l,r,r,m,23,3
8101992751,80.bmp,1.1651789,q,11,l,r,r,m,23,3
8101992751,80.bmp,0.6948627,w,10,l,r,r,m,23,3
8101992751,80.bmp,0.9360529,q,7,l,r,r,m,23,3
8101992751,50.bmp,0.7893708,w,13,l,r,r,m,23,3
8101992751,10.bmp,0.8264319,q,1,l,r,r,m,23,3
8101992751,30.bmp,0.7016746,w,9,l,r,r,m,23,3
8101992751,20.bmp,0.7852546,q,8,l,r,r,m,23,3
8101992751,40.bmp,0.920341,w,1,l,r,r,m,23,3
8101992751,50.bmp,0.8038579,q,12,l,r,r,m,23,3
8101992751,60.bmp,0.7610489,w,1,l,r,r,m,23,3
8101992751,60.bmp,0.8995361,w,5,l,r,r,m,23,3
8101992751,40.bmp,0.8863071,w,12,l,r,r,m,23,3
8101992751,40.bmp,0.7281804,q,3,l,r,r,m,23,3
8101992751,10.bmp,0.795374,w,10,l,r,r,m,23,3
8101992751,50.bmp,0.8373237,q,4,l,r,r,m,23,3
8101992751,20.bmp,0.7808308,w,2,l,r,r,m,23,3
8101992751,40.bmp,0.8681387,w,10,l,r,r,m,23,3
8101992751,30.bmp,0.8213871,q,1,l,r,r,m,23,3
8101992751,20.bmp,0.9516877,q,6,l,r,r,m,23,3
8101992751,80.bmp,0.8804501,q,5,l,r,r,m,23,3
8101992751,20.bmp,0.918068,w,3,l,r,r,m,23,3
8101992751,70.bmp,1.0392117,q,9,l,r,r,m,23,3
8101992751,30.bmp,1.041286,w,9,l,r,r,m,23,3
8101992751,80.bmp,0.8168972,w,9,l,r,r,m,23,3
8101992751,30.bmp,0.8192826,w,10,l,r,r,m,23,3
8101992751,10.bmp,0.8902013,q,7,l,r,r,m,23,3
8101992751,0.bmp,1.8344156,w,11,l,r,r,m,23,3
8101992751,40.bmp,0.9633453,w,2,l,r,r,m,23,3
8101992751,0.bmp,1.5921622,w,10,l,r,r,m,23,3
8101992751,20.bmp,0.7259161,w,5,l,r,r,m,23,3
8101992751,60.bmp,0.7573905,w,2,l,r,r,m,23,3
8101992751,20.bmp,0.983088,q,8,l,r,r,m,23,3
8101992751,10.bmp,0.9105855,w,10,l,r,r,m,23,3
8101992751,20.bmp,1.2418958,w,13,l,r,r,m,23,3
8101992751,0.bmp,1.5487492,q,8,l,r,r,m,23,3
8101992751,70.bmp,1.0162472,q,2,l,r,r,m,23,3
8101992751,40.bmp,1.4022935,w,3,l,r,r,m,23,3
8101992751,0.bmp,1.29567,q,6,l,r,r,m,23,3
8101992751,80.bmp,0.9512599,q,12,l,r,r,m,23,3
8101992751,40.bmp,0.8144975,q,8,l,r,r,m,23,3
8101992751,60.bmp,1.4303617,q,5,l,r,r,m,23,3
8101992751,20.bmp,0.8015385,w,2,l,r,r,m,23,3
8101992751,70.bmp,0.779675,q,1,l,r,r,m,23,3
8101992751,0.bmp,0.7114363,w,12,l,r,r,m,23,3
8101992751,60.bmp,0.4373813,q,6,l,r,r,m,23,3
8101992751,70.bmp,0.9914107,w,10,l,r,r,m,23,3
8101992751,30.bmp,1.72775,q,12,l,r,r,m,23,3
8101992751,50.bmp,0.7134918,w,3,l,r,r,m,23,3
8101992751,30.bmp,0.7063112,w,13,l,r,r,m,23,3
8101992751,20.bmp,1.138118,q,4,l,r,r,m,23,3
8101992751,60.bmp,0.5904804,w,8,l,r,r,m,23,3
8101992751,10.bmp,1.1294167,q,13,l,r,r,m,23,3
8101992751,40.bmp,0.8401499,q,9,l,r,r,m,23,3
8101992751,0.bmp,1.4908263,w,1,l,r,r,m,23,3
8101992751,50.bmp,0.8754741,q,9,l,r,r,m,23,3
8101992751,50.bmp,0.7849556,w,13,l,r,r,m,23,3
8101992751,60.bmp,0.5519567,q,7,l,r,r,m,23,3
8101992751,40.bmp,0.4076889,w,5,l,r,r,m,23,3
8101992751,50.bmp,0.523347,q,4,l,r,r,m,23,3
8101992751,80.bmp,0.635088,q,2,l,r,r,m,23,3
8101992751,30.bmp,0.9126914,w,8,l,r,r,m,23,3
8101992751,10.bmp,0.8673353,q,9,l,r,r,m,23,3
8101992751,60.bmp,1.0001699,w,11,l,r,r,m,23,3
8101992751,0.bmp,1.2537377,q,7,l,r,r,m,23,3
8101992751,10.bmp,1.0948837,w,11,l,r,r,m,23,3
8101992751,70.bmp,1.2054097,w,6,l,r,r,m,23,3
8101992751,40.bmp,1.0022528,q,7,l,r,r,m,23,3
8101992751,30.bmp,1.0231432,w,3,l,r,r,m,23,3
8101992751,80.bmp,0.91476,q,3,l,r,r,m,23,3
8101992751,30.bmp,0.6385657,w,6,l,r,r,m,23,3
8101992751,80.bmp,0.8089291,q,6,l,r,r,m,23,3
8101992751,70.bmp,0.7498852,q,12,l,r,r,m,23,3
8101992751,70.bmp,0.7026382,w,3,l,r,r,m,23,3
8101992751,50.bmp,0.9202128,w,1,l,r,r,m,23,3
8101992751,10.bmp,0.8844163,w,5,l,r,r,m,23,3
8101992751,0.bmp,0.7557643,w,2,l,r,r,m,23,3
8101992751,10.bmp,0.5752655,w,1,l,r,r,m,23,3
8101992751,80.bmp,0.705718,q,1,l,r,r,m,23,3
8101992751,10.bmp,0.8077269,w,8,l,r,r,m,23,3
8101992751,70.bmp,0.5767331,q,5,l,r,r,m,23,3
8101992751,40.bmp,0.6571453,w,13,l,r,r,m,23,3
8101992751,60.bmp,1.0716579,w,1,l,r,r,m,23,3
8101992751,40.bmp,0.5357373,w,1,l,r,r,m,23,3
8101992751,40.bmp,0.6093336,w,10,l,r,r,m,23,3
8101992751,0.bmp,0.8754159,w,4,l,r,r,m,23,3
8101992751,60.bmp,0.7605486,q,10,l,r,r,m,23,3
8101992751,30.bmp,0.6583324,w,1,l,r,r,m,23,3
8101992751,10.bmp,0.758006,q,2,l,r,r,m,23,3
8101992751,20.bmp,0.8350946,w,10,l,r,r,m,23,3
8101992751,60.bmp,1.1960671,q,12,l,r,r,m,23,3
8101992751,50.bmp,0.6894971,q,12,l,r,r,m,23,3
8101992751,30.bmp,0.819808,w,4,l,r,r,m,23,3
8101992751,20.bmp,0.6588813,w,1,l,r,r,m,23,3
8101992751,10.bmp,0.5884988,w,6,l,r,r,m,23,3
8101992751,60.bmp,0.6585758,q,9,l,r,r,m,23,3
8101992751,50.bmp,0.7965924,w,5,l,r,r,m,23,3
8101992751,60.bmp,0.7854885,q,13,l,r,r,m,23,3
8101992751,50.bmp,0.700266,w,6,l,r,r,m,23,3
8101992751,50.bmp,1.025296,q,7,l,r,r,m,23,3
8101992751,20.bmp,1.2661159,w,11,l,r,r,m,23,3
8101992751,30.bmp,1.2096267,q,2,l,r,r,m,23,3
8101992751,50.bmp,1.5603188,q,8,l,r,r,m,23,3
8101992751,70.bmp,1.3452486,w,11,l,r,r,m,23,3
8101992751,0.bmp,0.8010136,q,9,l,r,r,m,23,3
8101992751,70.bmp,0.947694,w,8,l,r,r,m,23,3
8101992751,70.bmp,0.8947603,q,7,l,r,r,m,23,3
8101992751,30.bmp,0.9633267,q,11,l,r,r,m,23,3
8101992751,80.bmp,0.4326529,w,7,l,r,r,m,23,3
8101992751,20.bmp,0.7646955,q,3,l,r,r,m,23,3
8101992751,70.bmp,0.7897852,q,4,l,r,r,m,23,3
8101992751,20.bmp,0.4225531,q,6,l,r,r,m,23,3
8101992751,60.bmp,0.5184779,w,3,l,r,r,m,23,3
8101992751,20.bmp,0.5577744,q,9,l,r,r,m,23,3
8101992751,40.bmp,0.7578775,w,12,l,r,r,m,23,3
8101992751,10.bmp,0.6531038,q,4,l,r,r,m,23,3
8101992751,10.bmp,0.4678612,w,12,l,r,r,m,23,3
8101992751,80.bmp,0.5963816,q,4,l,r,r,m,23,3
8101992751,10.bmp,0.6987033,w,3,l,r,r,m,23,3
8101992751,80.bmp,0.9050821,q,8,l,r,r,m,23,3
8101992751,70.bmp,0.664607,q,9,l,r,r,m,23,3
8101992751,40.bmp,0.8089994,w,4,l,r,r,m,23,3
8101992751,40.bmp,0.5565772,q,6,l,r,r,m,23,3
8101992751,80.bmp,0.8820175,q,11,l,r,r,m,23,3
8101992751,50.bmp,1.0134936,w,10,l,r,r,m,23,3
8101992751,80.bmp,0.8944231,q,10,l,r,r,m,23,3
8101992751,0.bmp,0.8628843,w,13,l,r,r,m,23,3
8101992751,50.bmp,1.004565,w,2,l,r,r,m,23,3
8101992751,50.bmp,0.7151225,q,11,l,r,r,m,23,3
8101992751,80.bmp,0.6963613,q,5,l,r,r,m,23,3
8101992751,30.bmp,0.8250281,w,5,l,r,r,m,23,3
8101992751,0.bmp,0.7291517,w,5,l,r,r,m,23,3
8101992751,80.bmp,0.6319185,q,13,l,r,r,m,23,3
8101992751,40.bmp,0.9143169,q,11,l,r,r,m,23,3
8101992751,70.bmp,0.7838539,q,13,l,r,r,m,23,3
8101992751,30.bmp,0.6880253,w,7,l,r,r,m,23,3
8101992751,20.bmp,0.8202042,w,7,l,r,r,m,23,3
8101992751,60.bmp,0.762755,q,4,l,r,r,m,23,3
8101992751,20.bmp,0.6958396,w,12,l,r,r,m,23,3
8101992751,0.bmp,0.8928085,q,3,l,r,r,m,23,3
8101992751,50.bmp,0.6456991,p,6,r,r,r,m,23,3
8101992751,80.bmp,0.7736619,p,3,r,r,r,m,23,3
8101992751,30.bmp,0.8050931,p,3,r,r,r,m,23,3
8101992751,0.bmp,0.9103121,o,6,r,r,r,m,23,3
8101992751,50.bmp,0.9005525,p,1,r,r,r,m,23,3
8101992751,70.bmp,0.789237,o,5,r,r,r,m,23,3
8101992751,70.bmp,0.9589659,p,7,r,r,r,m,23,3
8101992751,20.bmp,0.8138011,o,8,r,r,r,m,23,3
8101992751,80.bmp,0.8991846,o,7,r,r,r,m,23,3
8101992751,60.bmp,1.0000927,o,11,r,r,r,m,23,3
8101992751,30.bmp,0.8469956,p,11,r,r,r,m,23,3
8101992751,80.bmp,0.917888,p,6,r,r,r,m,23,3
8101992751,80.bmp,0.733261,o,10,r,r,r,m,23,3
8101992751,20.bmp,0.8095204,p,12,r,r,r,m,23,3
8101992751,20.bmp,0.6534734,o,6,r,r,r,m,23,3
8101992751,70.bmp,0.9030577,o,10,r,r,r,m,23,3
8101992751,80.bmp,1.0991172,p,4,r,r,r,m,23,3
8101992751,30.bmp,1.221276,o,7,r,r,r,m,23,3
8101992751,0.bmp,0.746037,p,1,r,r,r,m,23,3
8101992751,40.bmp,0.8573236,p,4,r,r,r,m,23,3
8101992751,0.bmp,0.6437288,p,4,r,r,r,m,23,3
8101992751,30.bmp,0.8668807,o,6,r,r,r,m,23,3
8101992751,20.bmp,0.7574097,p,2,r,r,r,m,23,3
8101992751,20.bmp,0.6639989,p,1,r,r,r,m,23,3
8101992751,40.bmp,0.6691579,o,11,r,r,r,m,23,3
8101992751,80.bmp,0.8141298,o,13,r,r,r,m,23,3
8101992751,60.bmp,0.75396,o,8,r,r,r,m,23,3
8101992751,70.bmp,0.7601032,o,9,r,r,r,m,23,3
8101992751,30.bmp,0.9813751,o,10,r,r,r,m,23,3
8101992751,60.bmp,0.8314773,p,1,r,r,r,m,23,3
8101992751,30.bmp,0.8276622,p,5,r,r,r,m,23,3
8101992751,30.bmp,1.0866323,p,12,r,r,r,m,23,3
8101992751,0.bmp,0.7169839,o,8,r,r,r,m,23,3
8101992751,40.bmp,1.4803872,p,7,r,r,r,m,23,3
8101992751,60.bmp,0.8051918,o,13,r,r,r,m,23,3
8101992751,30.bmp,4.6937233,o,8,r,r,r,m,23,3
8101992751,60.bmp,1.2075995,p,9,r,r,r,m,23,3
8101992751,0.bmp,0.978734,o,13,r,r,r,m,23,3
8101992751,40.bmp,1.5976075,p,6,r,r,r,m,23,3
8101992751,50.bmp,1.0270653,p,5,r,r,r,m,23,3
8101992751,70.bmp,1.2962646,p,1,r,r,r,m,23,3
8101992751,30.bmp,1.0062814,o,1,r,r,r,m,23,3
8101992751,40.bmp,0.993749,p,3,r,r,r,m,23,3
8101992751,20.bmp,1.572792,p,4,r,r,r,m,23,3
8101992751,10.bmp,1.0162503,o,1,r,r,r,m,23,3
8101992751,60.bmp,1.2437675,p,6,r,r,r,m,23,3
8101992751,0.bmp,0.9275603,o,3,r,r,r,m,23,3
8101992751,70.bmp,0.9029903,p,13,r,r,r,m,23,3
8101992751,40.bmp,0.944945,o,13,r,r,r,m,23,3
8101992751,0.bmp,1.0811409,p,7,r,r,r,m,23,3
8101992751,10.bmp,1.0051675,o,9,r,r,r,m,23,3
8101992751,50.bmp,0.9386389,p,12,r,r,r,m,23,3
8101992751,0.bmp,0.9265195,o,12,r,r,r,m,23,3
8101992751,60.bmp,0.893823,p,2,r,r,r,m,23,3
8101992751,10.bmp,1.0904721,p,3,r,r,r,m,23,3
8101992751,20.bmp,0.9128172,p,9,r,r,r,m,23,3
8101992751,10.bmp,1.1556929,p,12,r,r,r,m,23,3
8101992751,50.bmp,0.7613827,o,8,r,r,r,m,23,3
8101992751,80.bmp,0.9917803,p,5,r,r,r,m,23,3
8101992751,10.bmp,0.9934939,o,4,r,r,r,m,23,3
8101992751,10.bmp,1.0111115,p,11,r,r,r,m,23,3
8101992751,10.bmp,0.9973477,o,13,r,r,r,m,23,3
8101992751,60.bmp,0.9090765,p,12,r,r,r,m,23,3
8101992751,80.bmp,1.0129103,p,1,r,r,r,m,23,3
8101992751,20.bmp,0.9416565,p,3,r,r,r,m,23,3
8101992751,40.bmp,0.9484205,o,2,r,r,r,m,23,3
8101992751,60.bmp,0.9413939,p,4,r,r,r,m,23,3
8101992751,10.bmp,0.935755,p,6,r,r,r,m,23,3
8101992751,40.bmp,0.9657121,o,8,r,r,r,m,23,3
8101992751,50.bmp,1.0866349,o,3,r,r,r,m,23,3
8101992751,70.bmp,1.8708071,p,4,r,r,r,m,23,3
8101992751,50.bmp,1.5697445,p,4,r,r,r,m,23,3
8101992751,0.bmp,1.3188976,o,10,r,r,r,m,23,3
8101992751,40.bmp,0.6281607,p,5,r,r,r,m,23,3
8101992751,60.bmp,0.8466096,o,5,r,r,r,m,23,3
8101992751,30.bmp,2.7081314,p,13,r,r,r,m,23,3
8101992751,70.bmp,0.7619279,o,11,r,r,r,m,23,3
8101992751,40.bmp,0.7448431,p,1,r,r,r,m,23,3
8101992751,10.bmp,0.7960639,p,8,r,r,r,m,23,3
8101992751,60.bmp,0.9834911,p,3,r,r,r,m,23,3
8101992751,0.bmp,1.0220693,o,9,r,r,r,m,23,3
8101992751,0.bmp,0.7112171,o,5,r,r,r,m,23,3
8101992751,20.bmp,0.8003663,o,10,r,r,r,m,23,3
8101992751,80.bmp,0.9450301,p,12,r,r,r,m,23,3
8101992751,80.bmp,2.0340406,o,2,r,r,r,m,23,3
8101992751,20.bmp,0.8092338,p,7,r,r,r,m,23,3
8101992751,80.bmp,0.8969862,o,11,r,r,r,m,23,3
8101992751,10.bmp,0.9992794,p,10,r,r,r,m,23,3
8101992751,30.bmp,1.3878915,p,4,r,r,r,m,23,3
8101992751,10.bmp,0.977871,p,5,r,r,r,m,23,3
8101992751,70.bmp,0.4542866,o,3,r,r,r,m,23,3
8101992751,40.bmp,0.4156194,p,10,r,r,r,m,23,3
8101992751,30.bmp,0.3967208,o,2,r,r,r,m,23,3
8101992751,10.bmp,0.4216165,p,2,r,r,r,m,23,3
8101992751,70.bmp,0.3686176,o,12,r,r,r,m,23,3
8101992751,40.bmp,0.4450169,p,9,r,r,r,m,23,3
8101992751,50.bmp,0.4995372,o,7,r,r,r,m,23,3
8101992751,80.bmp,0.6253045,p,8,r,r,r,m,23,3
8101992751,20.bmp,0.8834821,o,11,r,r,r,m,23,3
8101992751,80.bmp,0.7780785,p,9,r,r,r,m,23,3
8101992751,20.bmp,0.4747262,o,5,r,r,r,m,23,3
8101992751,70.bmp,0.8254094,p,8,r,r,r,m,23,3
8101992751,40.bmp,0.5629684,o,12,r,r,r,m,23,3
8101992751,70.bmp,0.795124,p,2,r,r,r,m,23,3
8101992751,30.bmp,3.0163156,p,9,r,r,r,m,23,3
8101992751,60.bmp,1.0323296,p,7,r,r,r,m,23,3
8101992751,10.bmp,0.9447983,o,7,r,r,r,m,23,3
8101992751,0.bmp,0.9299444,p,2,r,r,r,m,23,3
8101992751,50.bmp,0.970147,p,2,r,r,r,m,23,3
8101992751,70.bmp,0.938703,p,6,r,r,r,m,23,3
8101992751,50.bmp,0.945093,p,10,r,r,r,m,23,3
8101992751,50.bmp,0.9736344,o,11,r,r,r,m,23,3
8101992751,50.bmp,0.9898679,p,9,r,r,r,m,23,3
8101992751,50.bmp,0.8981148,p,13,r,r,r,m,23,3
8101992751,60.bmp,0.9899555,o,10,r,r,r,m,23,3
8101992751,0.bmp,1.8507524,p,11,r,r,r,m,23,3
8101992751,20.bmp,4.0522764,p,13,r,r,r,m,23,3
8101992751,10.bmp,1.2461334,p,8,r,r,r,m,23,3
8101992751,70.bmp,2.3129062,o,5,r,r,r,m,23,3
8101992751,70.bmp,0.6183606,p,1,r,r,r,m,23,3
8101992751,80.bmp,0.696559,o,9,r,r,r,m,23,3
8101992751,30.bmp,0.5534108,p,7,r,r,r,m,23,3
8101992751,0.bmp,0.8931957,p,11,r,r,r,m,23,3
8101992751,50.bmp,0.7369692,o,7,r,r,r,m,23,3
8101992751,30.bmp,0.5911122,p,11,r,r,r,m,23,3
8101992751,70.bmp,0.9119265,o,12,r,r,r,m,23,3
8101992751,0.bmp,0.5511124,p,5,r,r,r,m,23,3
8101992751,30.bmp,0.8721686,p,3,r,r,r,m,23,3
8101992751,50.bmp,0.828809,p,1,r,r,r,m,23,3
8101992751,20.bmp,0.6189935,o,9,r,r,r,m,23,3
8101992751,70.bmp,0.8435323,p,6,r,r,r,m,23,3
8101992751,50.bmp,0.9463009,p,6,r,r,r,m,23,3
8101992751,20.bmp,0.897239,p,5,r,r,r,m,23,3
8101992751,50.bmp,1.0295225,p,8,r,r,r,m,23,3
8101992751,50.bmp,3.7881058,p,4,r,r,r,m,23,3
8101992751,50.bmp,1.0495613,p,13,r,r,r,m,23,3
8101992751,10.bmp,2.3523322,p,11,r,r,r,m,23,3
8101992751,40.bmp,0.7497014,o,4,r,r,r,m,23,3
8101992751,20.bmp,0.7942121,p,13,r,r,r,m,23,3
8101992751,0.bmp,0.9320726,p,12,r,r,r,m,23,3
8101992751,60.bmp,0.7959297,o,2,r,r,r,m,23,3
8101992751,0.bmp,0.8177945,p,1,r,r,r,m,23,3
8101992751,10.bmp,0.6801455,p,3,r,r,r,m,23,3
8101992751,0.bmp,0.6302433,p,3,r,r,r,m,23,3
8101992751,40.bmp,0.8343748,o,10,r,r,r,m,23,3
8101992751,20.bmp,1.1017151,p,4,r,r,r,m,23,3
8101992751,30.bmp,0.7157941,p,1,r,r,r,m,23,3
8101992751,70.bmp,0.7449349,o,3,r,r,r,m,23,3
8101992751,80.bmp,1.2296454,p,6,r,r,r,m,23,3
8101992751,10.bmp,0.7903507,o,13,r,r,r,m,23,3
8101992751,0.bmp,0.9658524,p,7,r,r,r,m,23,3
8101992751,40.bmp,1.6146629,o,8,r,r,r,m,23,3
8101992751,20.bmp,1.1638691,p,8,r,r,r,m,23,3
8101992751,60.bmp,1.6858693,o,11,r,r,r,m,23,3
8101992751,20.bmp,1.5674391,p,2,r,r,r,m,23,3
8101992751,30.bmp,1.0732754,o,2,r,r,r,m,23,3
8101992751,60.bmp,1.1464078,p,1,r,r,r,m,23,3
8101992751,80.bmp,0.9272993,o,5,r,r,r,m,23,3
8101992751,10.bmp,0.8010368,p,9,r,r,r,m,23,3
8101992751,40.bmp,1.2497803,o,5,r,r,r,m,23,3
8101992751,60.bmp,0.6901842,p,10,r,r,r,m,23,3
8101992751,10.bmp,0.9290886,o,12,r,r,r,m,23,3
8101992751,60.bmp,1.0463259,p,12,r,r,r,m,23,3
8101992751,70.bmp,0.9894674,p,4,r,r,r,m,23,3
8101992751,80.bmp,0.5999294,o,1,r,r,r,m,23,3
8101992751,30.bmp,0.81358,p,5,r,r,r,m,23,3
8101992751,50.bmp,0.7015978,o,9,r,r,r,m,23,3
8101992751,20.bmp,0.5670921,p,1,r,r,r,m,23,3
8101992751,30.bmp,0.8021787,o,8,r,r,r,m,23,3
8101992751,50.bmp,0.7325127,p,2,r,r,r,m,23,3
8101992751,20.bmp,1.0025044,o,12,r,r,r,m,23,3
8101992751,80.bmp,0.8515065,o,8,r,r,r,m,23,3
8101992751,20.bmp,0.7007059,p,7,r,r,r,m,23,3
8101992751,30.bmp,1.1423058,p,13,r,r,r,m,23,3
8101992751,0.bmp,0.9955924,p,9,r,r,r,m,23,3
8101992751,40.bmp,1.0400268,o,11,r,r,r,m,23,3
8101992751,50.bmp,1.2856149,o,12,r,r,r,m,23,3
8101992751,30.bmp,0.7218578,o,12,r,r,r,m,23,3
8101992751,60.bmp,0.8829357,p,13,r,r,r,m,23,3
8101992751,10.bmp,0.9960447,o,10,r,r,r,m,23,3
8101992751,80.bmp,0.9905574,p,2,r,r,r,m,23,3
8101992751,10.bmp,0.9287114,o,7,r,r,r,m,23,3
8101992751,40.bmp,0.9942447,p,13,r,r,r,m,23,3
8101992751,40.bmp,0.9355288,p,2,r,r,r,m,23,3
8101992751,0.bmp,0.960955,p,13,r,r,r,m,23,3
8101992751,80.bmp,1.0534553,o,12,r,r,r,m,23,3
8101992751,0.bmp,0.92646,o,4,r,r,r,m,23,3
8101992751,80.bmp,0.8951825,o,7,r,r,r,m,23,3
8101992751,50.bmp,0.9245414,o,11,r,r,r,m,23,3
8101992751,0.bmp,0.6772371,p,2,r,r,r,m,23,3
8101992751,10.bmp,0.6675118,o,6,r,r,r,m,23,3
8101992751,80.bmp,0.6969872,p,3,r,r,r,m,23,3
8101992751,20.bmp,0.532583,o,11,r,r,r,m,23,3
8101992751,70.bmp,0.7453748,o,10,r,r,r,m,23,3
8101992751,40.bmp,1.0391112,p,1,r,r,r,m,23,3
8101992751,70.bmp,0.8196281,o,11,r,r,r,m,23,3
8101992751,0.bmp,0.6853379,p,10,r,r,r,m,23,3
8101992751,70.bmp,0.6842274,o,8,r,r,r,m,23,3
8101992751,80.bmp,0.3942651,p,10,r,r,r,m,23,3
8101992751,60.bmp,0.7617678,o,8,r,r,r,m,23,3
8101992751,30.bmp,0.9567554,p,9,r,r,r,m,23,3
8101992751,50.bmp,1.052412,o,3,r,r,r,m,23,3
8101992751,70.bmp,0.8469651,p,7,r,r,r,m,23,3
8101992751,60.bmp,0.9224631,p,3,r,r,r,m,23,3
8101992751,10.bmp,1.3960333,p,2,r,r,r,m,23,3
8101992751,80.bmp,0.6217555,o,11,r,r,r,m,23,3
8101992751,10.bmp,0.7923109,p,1,r,r,r,m,23,3
8101992751,20.bmp,0.9523024,o,3,r,r,r,m,23,3
8101992751,80.bmp,0.9077284,o,4,r,r,r,m,23,3
8101992751,20.bmp,0.9357229,o,10,r,r,r,m,23,3
8101992751,40.bmp,1.1082035,p,7,r,r,r,m,23,3
8101992751,60.bmp,0.9555245,p,6,r,r,r,m,23,3
8101992751,40.bmp,0.9119448,p,9,r,r,r,m,23,3
8101992751,70.bmp,0.7354574,p,2,r,r,r,m,23,3
8101992751,70.bmp,0.9297356,o,13,r,r,r,m,23,3
8101992751,0.bmp,0.8796883,p,8,r,r,r,m,23,3
8101992751,70.bmp,0.8278289,o,9,r,r,r,m,23,3
8101992751,50.bmp,1.0325383,p,5,r,r,r,m,23,3
8101992751,60.bmp,1.0391726,o,7,r,r,r,m,23,3
8101992751,20.bmp,0.9482603,p,6,r,r,r,m,23,3
8101992751,40.bmp,1.1950608,o,3,r,r,r,m,23,3
8101992751,50.bmp,0.7833479,p,10,r,r,r,m,23,3
8101992751,30.bmp,0.9355067,o,6,r,r,r,m,23,3
8101992751,60.bmp,0.8300655,p,5,r,r,r,m,23,3
8101992751,80.bmp,0.7679418,o,13,r,r,r,m,23,3
8101992751,10.bmp,0.668057,p,5,r,r,r,m,23,3
8101992751,30.bmp,0.7780138,p,4,r,r,r,m,23,3
8101992751,60.bmp,0.7708269,o,9,r,r,r,m,23,3
8101992751,30.bmp,0.6524254,o,10,r,r,r,m,23,3
8101992751,10.bmp,0.7533098,p,4,r,r,r,m,23,3
8101992751,40.bmp,0.8995506,o,12,r,r,r,m,23,3
8101992751,0.bmp,1.0077618,p,6,r,r,r,m,23,3
8101992751,40.bmp,0.8536567,o,6,r,r,r,m,23,3
8101992751,60.bmp,0.7434672,p,4,r,r,r,m,23,3
8101992751,40.bmp,0.8342731,o,10,r,r,r,m,23,3
8101992751,10.bmp,0.7789939,p,5,r,r,r,m,23,3
8101992751,70.bmp,0.6520782,o,5,r,r,r,m,23,3
8101992751,0.bmp,0.7189088,p,1,r,r,r,m,23,3
8101992751,20.bmp,0.5978453,o,10,r,r,r,m,23,3
8101992751,70.bmp,0.8029157,o,11,r,r,r,m,23,3
8101992751,70.bmp,0.7099796,p,6,r,r,r,m,23,3
8101992751,80.bmp,0.7458941,o,1,r,r,r,m,23,3
8101992751,70.bmp,0.7607053,p,3,r,r,r,m,23,3
8101992751,50.bmp,0.6806343,o,5,r,r,r,m,23,3
8101992751,0.bmp,0.6064759,p,4,r,r,r,m,23,3
8101992751,60.bmp,0.5440807,o,9,r,r,r,m,23,3
8101992751,0.bmp,0.7087958,p,12,r,r,r,m,23,3
8101992751,60.bmp,0.8106894,o,12,r,r,r,m,23,3
8101992751,50.bmp,1.5000211,o,11,r,r,r,m,23,3
8101992751,30.bmp,0.5534011,o,11,r,r,r,m,23,3
8101992751,70.bmp,0.6497132,o,12,r,r,r,m,23,3
8101992751,80.bmp,1.2804651,o,8,r,r,r,m,23,3
8101992751,20.bmp,0.5297421,o,9,r,r,r,m,23,3
8101992751,20.bmp,0.7641829,p,8,r,r,r,m,23,3
8101992751,80.bmp,0.4054779,o,2,r,r,r,m,23,3
8101992751,80.bmp,0.5048391,p,3,r,r,r,m,23,3
8101992751,60.bmp,0.7203341,o,13,r,r,r,m,23,3
8101992751,0.bmp,0.4299895,p,7,r,r,r,m,23,3
8101992751,0.bmp,0.7548509,p,2,r,r,r,m,23,3
8101992751,40.bmp,0.422652,o,3,r,r,r,m,23,3
8101992751,0.bmp,0.5411039,p,11,r,r,r,m,23,3
8101992751,0.bmp,0.4768285,p,6,r,r,r,m,23,3
8101992751,70.bmp,0.822108,p,2,r,r,r,m,23,3
8101992751,80.bmp,1.1439367,p,13,r,r,r,m,23,3
8101992751,50.bmp,1.0801659,o,2,r,r,r,m,23,3
8101992751,70.bmp,0.6225999,p,4,r,r,r,m,23,3
8101992751,30.bmp,0.8916722,p,9,r,r,r,m,23,3
8101992751,40.bmp,0.8245877,p,11,r,r,r,m,23,3
8101992751,60.bmp,0.7902951,o,10,r,r,r,m,23,3
8101992751,80.bmp,0.620107,o,10,r,r,r,m,23,3
8101992751,30.bmp,0.6153484,p,8,r,r,r,m,23,3
8101992751,20.bmp,0.7014005,p,3,r,r,r,m,23,3
8101992751,60.bmp,0.64781,p,2,r,r,r,m,23,3
8101992751,10.bmp,0.561901,o,2,r,r,r,m,23,3
8101992751,70.bmp,0.5480426,p,7,r,r,r,m,23,3
8101992751,70.bmp,0.9181255,p,10,r,r,r,m,23,3
8101992751,10.bmp,0.6888415,o,3,r,r,r,m,23,3
8101992751,30.bmp,0.4864932,p,13,r,r,r,m,23,3
8101992751,10.bmp,0.5007794,o,6,r,r,r,m,23,3
8101992751,60.bmp,0.6143289,p,8,r,r,r,m,23,3
8101992751,10.bmp,0.5722009,o,12,r,r,r,m,23,3
8101992751,0.bmp,0.6708937,p,5,r,r,r,m,23,3
8101992751,40.bmp,0.5530993,o,1,r,r,r,m,23,3
8101992751,10.bmp,0.4790876,p,9,r,r,r,m,23,3
8101992751,30.bmp,0.4253234,o,5,r,r,r,m,23,3
8101992751,80.bmp,0.4457728,p,5,r,r,r,m,23,3
8101992751,60.bmp,0.4536262,o,5,r,r,r,m,23,3
8101992751,30.bmp,0.5240833,p,12,r,r,r,m,23,3
8101992751,80.bmp,0.6285911,o,9,r,r,r,m,23,3
8101992751,10.bmp,0.8255853,p,11,r,r,r,m,23,3
8101992751,20.bmp,0.6622303,p,12,r,r,r,m,23,3
8101992751,20.bmp,0.5852426,o,4,r,r,r,m,23,3
8101992751,30.bmp,0.6385037,p,1,r,r,r,m,23,3
8101992751,50.bmp,0.5897263,o,3,r,r,r,m,23,3
8101992751,20.bmp,0.4878707,p,6,r,r,r,m,23,3
8101992751,30.bmp,0.6400362,o,3,r,r,r,m,23,3
8101992751,30.bmp,0.5799908,p,4,r,r,r,m,23,3
8101992751,20.bmp,0.446614,o,13,r,r,r,m,23,3
8101992751,60.bmp,0.4165551,p,6,r,r,r,m,23,3
8101992751,60.bmp,0.390295,o,11,r,r,r,m,23,3
8101992751,80.bmp,0.397473,p,7,r,r,r,m,23,3
8101992751,30.bmp,0.5750623,o,2,r,r,r,m,23,3
8101992751,70.bmp,0.5432848,p,8,r,r,r,m,23,3
8101992751,50.bmp,0.2894996,o,6,r,r,r,m,23,3
8101992751,60.bmp,0.3570471,p,3,r,r,r,m,23,3
8101992751,10.bmp,0.440102,o,4,r,r,r,m,23,3
8101992751,80.bmp,0.4922512,p,11,r,r,r,m,23,3
8101992751,0.bmp,0.3820878,o,10,r,r,r,m,23,3
8101992751,60.bmp,0.6042296,p,4,r,r,r,m,23,3
8101992751,80.bmp,0.6780978,o,12,r,r,r,m,23,3
8101992751,70.bmp,0.2689084,p,1,r,r,r,m,23,3
8101992751,10.bmp,0.4580535,o,7,r,r,r,m,23,3
8101992751,40.bmp,0.3184022,p,6,r,r,r,m,23,3
8101992751,70.bmp,0.3531736,p,13,r,r,r,m,23,3
8101992751,50.bmp,0.0570739,o,10,r,r,r,m,23,3
8101992751,20.bmp,0.6974269,p,5,r,r,r,m,23,3
8101992751,10.bmp,0.4538703,o,8,r,r,r,m,23,3
8101992751,0.bmp,0.6109004,p,3,r,r,r,m,23,3
8101992751,20.bmp,1.3239317,p,7,r,r,r,m,23,3
8101992751,50.bmp,0.4661155,o,12,r,r,r,m,23,3
8101992751,40.bmp,0.8164869,p,2,r,r,r,m,23,3
8101992751,40.bmp,0.9288994,p,4,r,r,r,m,23,3
8101992751,0.bmp,0.1125834,o,13,r,r,r,m,23,3
8101992751,20.bmp,0.3379327,p,2,r,r,r,m,23,3
8101992751,60.bmp,0.8050077,o,1,r,r,r,m,23,3
8101992751,70.bmp,1.8618885,o,9,r,r,r,m,23,3
8101992751,60.bmp,0.7676419,o,7,r,r,r,m,23,3
8101992751,80.bmp,1.1474807,p,4,r,r,r,m,23,3
8101992751,40.bmp,6.6486067,o,9,r,r,r,m,23,3
8101992751,30.bmp,0.9668268,p,10,r,r,r,m,23,3
8101992751,40.bmp,0.7339566,p,12,r,r,r,m,23,3
8101992751,10.bmp,0.4388596,p,10,r,r,r,m,23,3
8101992751,80.bmp,0.6430532,o,6,r,r,r,m,23,3
8101992751,20.bmp,0.5491868,o,1,r,r,r,m,23,3
8101992751,20.bmp,0.7999192,p,11,r,r,r,m,23,3
8101992751,30.bmp,0.5966448,o,6,r,r,r,m,23,3
8101992751,40.bmp,0.6215408,p,7,r,r,r,m,23,3
8101992751,50.bmp,0.560997,o,13,r,r,r,m,23,3
8101992751,50.bmp,0.7592633,p,7,r,r,r,m,23,3
8101992751,0.bmp,0.6901102,o,8,r,r,r,m,23,3
8101992751,40.bmp,0.9627333,p,5,r,r,r,m,23,3
8101992751,10.bmp,0.6328207,o,1,r,r,r,m,23,3
8101992751,40.bmp,1.5192265,p,8,r,r,r,m,23,3
8101992751,50.bmp,0.5785268,o,9,r,r,r,m,23,3
8101992751,50.bmp,2.1626892,o,1,r,r,r,m,23,3
8101992751,0.bmp,0.6422751,o,9,r,r,r,m,23,3
8101992751,40.bmp,0.7725549,p,13,r,r,r,m,23,3
8101992751,50.bmp,0.7270191,o,4,r,r,r,m,23,3
8101992751,30.bmp,0.7386716,p,7,r,r,r,m,23,3
8101992751,50.bmp,0.6496058,p,8,r,r,r,m,23,3
8101992751,10.bmp,0.6523386,p,13,r,r,r,m,23,3
8101992751,60.bmp,0.5023991,o,3,r,r,r,m,23,3
8101992751,70.bmp,0.6656298,p,3,r,r,r,m,23,3
8101992751,80.bmp,0.7400501,o,9,r,r,r,m,23,3
8101992751,10.bmp,0.6413483,p,5,r,r,r,m,23,3
8101992751,70.bmp,0.6802743,o,11,r,r,r,m,23,3
8101992751,60.bmp,0.8317694,p,12,r,r,r,m,23,3
8101992751,60.bmp,0.5506937,o,5,r,r,r,m,23,3
8101992751,10.bmp,0.6775122,p,7,r,r,r,m,23,3
8101992751,50.bmp,0.7433618,o,1,r,r,r,m,23,3
8101992751,0.bmp,0.5911868,p,13,r,r,r,m,23,3
8101992751,30.bmp,0.5692533,o,2,r,r,r,m,23,3
8101992751,60.bmp,0.6762496,p,6,r,r,r,m,23,3
8101992751,70.bmp,0.7383131,o,13,r,r,r,m,23,3
8101992751,20.bmp,1.1903117,p,9,r,r,r,m,23,3
8101992751,0.bmp,0.6585535,o,7,r,r,r,m,23,3
8101992751,10.bmp,0.6740427,p,9,r,r,r,m,23,3
8101992751,40.bmp,0.7298594,o,8,r,r,r,m,23,3
8101992751,60.bmp,0.7364693,p,4,r,r,r,m,23,3
8101992751,30.bmp,0.8350748,o,12,r,r,r,m,23,3
8101992751,30.bmp,0.7494787,o,3,r,r,r,m,23,3
8101992751,50.bmp,0.7437747,p,13,r,r,r,m,23,3
8101992751,40.bmp,0.637581,p,10,r,r,r,m,23,3
8101992751,70.bmp,0.6812871,o,4,r,r,r,m,23,3
8101992751,20.bmp,0.7666431,p,8,r,r,r,m,23,3
8101992751,80.bmp,0.8505978,o,6,r,r,r,m,23,3
8101992751,40.bmp,0.646409,p,11,r,r,r,m,23,3
8101992751,50.bmp,0.7191676,o,10,r,r,r,m,23,3
8101992751,0.bmp,0.7762186,o,9,r,r,r,m,23,3
8101992751,70.bmp,0.7811284,o,7,r,r,r,m,23,3
8101992751,30.bmp,0.8070825,o,13,r,r,r,m,23,3
8101992751,10.bmp,0.696258,p,4,r,r,r,m,23,3
8101992751,20.bmp,0.5967859,p,4,r,r,r,m,23,3
8101992751,0.bmp,0.578013,p,12,r,r,r,m,23,3
8101992751,20.bmp,0.5214482,p,12,r,r,r,m,23,3
8101992751,80.bmp,0.5336784,p,4,r,r,r,m,23,3
8101992751,0.bmp,0.4552785,p,6,r,r,r,m,23,3
8101992751,60.bmp,0.4903734,p,13,r,r,r,m,23,3
8101992751,50.bmp,0.5968106,p,12,r,r,r,m,23,3
8101992751,40.bmp,0.4549275,o,12,r,r,r,m,23,3
8101992751,20.bmp,0.4880761,p,10,r,r,r,m,23,3
8101992751,0.bmp,0.4283606,o,10,r,r,r,m,23,3
8101992751,30.bmp,0.5706671,p,8,r,r,r,m,23,3
8101992751,0.bmp,0.4072559,p,8,r,r,r,m,23,3
8101992751,10.bmp,0.413818,p,6,r,r,r,m,23,3
8101992751,80.bmp,0.3845591,p,5,r,r,r,m,23,3
8101992751,60.bmp,0.6488115,o,8,r,r,r,m,23,3
8101992751,80.bmp,0.4778255,p,7,r,r,r,m,23,3
8101992751,40.bmp,0.5440386,p,1,r,r,r,m,23,3
8101992751,50.bmp,0.4108249,p,8,r,r,r,m,23,3
8101992751,20.bmp,0.7035615,p,2,r,r,r,m,23,3
8101992751,70.bmp,0.5977417,o,12,r,r,r,m,23,3
8101992751,50.bmp,0.5639201,p,7,r,r,r,m,23,3
8101992751,0.bmp,0.8850704,o,5,r,r,r,m,23,3
8101992751,80.bmp,0.819339,p,13,r,r,r,m,23,3
8101992751,80.bmp,0.6787473,o,8,r,r,r,m,23,3
8101992751,20.bmp,0.6452817,p,5,r,r,r,m,23,3
8101992751,30.bmp,0.5459701,p,10,r,r,r,m,23,3
8101992751,0.bmp,0.6103529,p,1,r,r,r,m,23,3
8101992751,30.bmp,0.4480434,o,9,r,r,r,m,23,3
8101992751,30.bmp,0.4693785,p,6,r,r,r,m,23,3
8101992751,20.bmp,0.5754569,p,1,r,r,r,m,23,3
8101992751,10.bmp,0.4545984,p,12,r,r,r,m,23,3
8101992751,40.bmp,0.6596891,p,13,r,r,r,m,23,3
8101992751,30.bmp,0.7567322,o,7,r,r,r,m,23,3
8101992751,60.bmp,0.4141481,p,9,r,r,r,m,23,3
8101992751,30.bmp,0.4677639,o,5,r,r,r,m,23,3
8101992751,20.bmp,0.3206248,p,11,r,r,r,m,23,3
8101992751,10.bmp,0.6640576,o,2,r,r,r,m,23,3
8101992751,20.bmp,1.5476283,p,7,r,r,r,m,23,3
8101992751,70.bmp,0.7339857,o,10,r,r,r,m,23,3
8101992751,30.bmp,0.6367653,p,4,r,r,r,m,23,3
8101992751,80.bmp,0.8725906,o,11,r,r,r,m,23,3
8101992751,50.bmp,1.1218709,o,6,r,r,r,m,23,3
8101992751,40.bmp,0.5935975,p,2,r,r,r,m,23,3
8101992751,50.bmp,0.963464,o,9,r,r,r,m,23,3
8101992751,50.bmp,0.8537208,p,2,r,r,r,m,23,3
8101992751,70.bmp,0.6362571,o,1,r,r,r,m,23,3
8101992751,70.bmp,0.7313687,p,2,r,r,r,m,23,3
8101992751,50.bmp,1.0894454,o,11,r,r,r,m,23,3
8101992751,10.bmp,1.6027922,p,13,r,r,r,m,23,3
8101992751,0.bmp,0.6693214,o,2,r,r,r,m,23,3
8101992751,30.bmp,1.3599696,o,11,r,r,r,m,23,3
8101992751,80.bmp,1.8783802,p,1,r,r,r,m,23,3
8101992751,20.bmp,0.8059115,o,13,r,r,r,m,23,3
8101992751,60.bmp,1.399433,o,7,r,r,r,m,23,3
8101992751,20.bmp,0.7792388,o,6,r,r,r,m,23,3
8101992751,60.bmp,1.4571636,p,2,r,r,r,m,23,3
8101992751,0.bmp,0.9656439,o,4,r,r,r,m,23,3
8101992751,10.bmp,0.7162083,p,8,r,r,r,m,23,3
8101992751,30.bmp,0.6625053,o,1,r,r,r,m,23,3
8101992751,10.bmp,0.5977861,p,11,r,r,r,m,23,3
8101992751,60.bmp,0.4114661,o,11,r,r,r,m,23,3
8101992751,80.bmp,0.5867545,p,2,r,r,r,m,23,3
8101992751,80.bmp,0.5231457,o,10,r,r,r,m,23,3
8101992751,50.bmp,0.2448089,p,4,r,r,r,m,23,3
8101992751,50.bmp,0.3996198,o,3,r,r,r,m,23,3
8101992751,0.bmp,0.5430544,p,3,r,r,r,m,23,3
8101992751,70.bmp,4.305379,o,8,r,r,r,m,23,3
8101992751,70.bmp,0.5657985,p,6,r,r,r,m,23,3
8101992751,40.bmp,0.6797598,o,3,r,r,r,m,23,3
8101992751,10.bmp,0.1554958,p,10,r,r,r,m,23,3
8101992751,60.bmp,0.523883,p,10,r,r,r,m,23,3
8101992751,10.bmp,3.7864499,o,3,r,r,r,m,23,3
8101992751,70.bmp,0.5996866,o,9,r,r,r,m,23,3
8101992751,60.bmp,0.3683143,o,1,r,r,r,m,23,3
8101992751,20.bmp,0.3601717,p,3,r,r,r,m,23,3
8101992751,40.bmp,1.1995474,o,9,r,r,r,m,23,3
8101992751,40.bmp,0.5405732,p,7,r,r,r,m,23,3
8101992751,80.bmp,0.9416255,o,3,r,r,r,m,23,3
8101992751,80.bmp,1.182129,p,12,r,r,r,m,23,3
8101992751,40.bmp,0.9652396,o,4,r,r,r,m,23,3
8101992751,70.bmp,3.6839748,o,5,r,r,r,m,23,3
8101992751,0.bmp,0.8637166,p,11,r,r,r,m,23,3
8101992751,10.bmp,1.1631657,o,1,r,r,r,m,23,3
8101992751,40.bmp,0.8546219,p,6,r,r,r,m,23,3
8101992751,50.bmp,1.0664959,o,5,r,r,r,m,23,3
8101992751,40.bmp,0.7446585,p,5,r,r,r,m,23,3
8101992751,0.bmp,0.9172871,w,11,l,r,r,m,23,3
8101992751,80.bmp,0.6563578,q,4,l,r,r,m,23,3
8101992751,0.bmp,0.497527,w,12,l,r,r,m,23,3
8101992751,20.bmp,0.4390445,q,2,l,r,r,m,23,3
8101992751,80.bmp,0.6504177,w,12,l,r,r,m,23,3
8101992751,70.bmp,0.632636,w,10,l,r,r,m,23,3
8101992751,50.bmp,0.6042089,w,13,l,r,r,m,23,3
8101992751,60.bmp,0.6612869,q,9,l,r,r,m,23,3
8101992751,0.bmp,1.0416864,w,7,l,r,r,m,23,3
8101992751,50.bmp,1.4492143,w,4,l,r,r,m,23,3
8101992751,70.bmp,1.7125535,w,4,l,r,r,m,23,3
8101992751,50.bmp,1.0933428,q,7,l,r,r,m,23,3
8101992751,30.bmp,0.7601287,w,10,l,r,r,m,23,3
8101992751,50.bmp,0.7666138,q,12,l,r,r,m,23,3
8101992751,50.bmp,0.6395746,w,2,l,r,r,m,23,3
8101992751,20.bmp,1.0694826,w,9,l,r,r,m,23,3
8101992751,40.bmp,0.7001829,q,3,l,r,r,m,23,3
8101992751,60.bmp,1.2242355,w,10,l,r,r,m,23,3
8101992751,60.bmp,0.7908926,w,12,l,r,r,m,23,3
8101992751,20.bmp,0.8403718,q,3,l,r,r,m,23,3
8101992751,20.bmp,0.7380712,w,10,l,r,r,m,23,3
8101992751,20.bmp,0.4052219,q,8,l,r,r,m,23,3
8101992751,30.bmp,0.6567185,w,4,l,r,r,m,23,3
8101992751,10.bmp,1.00942,w,8,l,r,r,m,23,3
8101992751,80.bmp,1.6914786,w,7,l,r,r,m,23,3
8101992751,0.bmp,2.0763388,w,1,l,r,r,m,23,3
8101992751,30.bmp,0.6295892,w,6,l,r,r,m,23,3
8101992751,30.bmp,0.7756236,w,5,l,r,r,m,23,3
8101992751,20.bmp,1.2464794,q,5,l,r,r,m,23,3
8101992751,40.bmp,0.6098537,w,12,l,r,r,m,23,3
8101992751,30.bmp,0.5620762,w,11,l,r,r,m,23,3
8101992751,40.bmp,0.6346157,w,11,l,r,r,m,23,3
8101992751,40.bmp,0.3941478,q,1,l,r,r,m,23,3
8101992751,50.bmp,0.6883108,w,3,l,r,r,m,23,3
8101992751,40.bmp,0.9548737,q,10,l,r,r,m,23,3
8101992751,30.bmp,0.7376753,w,8,l,r,r,m,23,3
8101992751,60.bmp,0.8917454,w,4,l,r,r,m,23,3
8101992751,70.bmp,0.9358918,w,1,l,r,r,m,23,3
8101992751,20.bmp,0.4636811,q,11,l,r,r,m,23,3
8101992751,50.bmp,0.4358001,w,11,l,r,r,m,23,3
8101992751,60.bmp,0.2703717,q,11,l,r,r,m,23,3
8101992751,10.bmp,0.3999878,w,6,l,r,r,m,23,3
8101992751,80.bmp,0.2792525,q,10,l,r,r,m,23,3
8101992751,30.bmp,0.3296708,w,3,l,r,r,m,23,3
8101992751,60.bmp,0.297056,w,7,l,r,r,m,23,3
8101992751,60.bmp,0.1455547,q,8,l,r,r,m,23,3
8101992751,30.bmp,0.2915545,w,1,l,r,r,m,23,3
8101992751,80.bmp,0.4515888,w,5,l,r,r,m,23,3
8101992751,70.bmp,0.7362142,w,2,l,r,r,m,23,3
8101992751,70.bmp,1.7469062,w,8,l,r,r,m,23,3
8101992751,0.bmp,1.4696047,w,4,l,r,r,m,23,3
8101992751,60.bmp,0.3706074,w,1,l,r,r,m,23,3
8101992751,0.bmp,0.4170404,q,13,l,r,r,m,23,3
8101992751,40.bmp,0.5244007,w,2,l,r,r,m,23,3
8101992751,40.bmp,0.3907152,q,5,l,r,r,m,23,3
8101992751,10.bmp,0.4174793,w,11,l,r,r,m,23,3
8101992751,10.bmp,0.5709133,w,5,l,r,r,m,23,3
8101992751,60.bmp,0.6679622,w,5,l,r,r,m,23,3
8101992751,60.bmp,0.5971836,w,2,l,r,r,m,23,3
8101992751,50.bmp,0.4908942,w,1,l,r,r,m,23,3
8101992751,70.bmp,1.2677346,w,6,l,r,r,m,23,3
8101992751,0.bmp,0.4368397,w,9,l,r,r,m,23,3
8101992751,40.bmp,0.5607935,w,13,l,r,r,m,23,3
8101992751,40.bmp,0.5991172,w,9,l,r,r,m,23,3
8101992751,20.bmp,0.5416259,w,7,l,r,r,m,23,3
8101992751,10.bmp,0.3917044,q,3,l,r,r,m,23,3
8101992751,10.bmp,0.8523349,q,7,l,r,r,m,23,3
8101992751,10.bmp,0.5722317,w,2,l,r,r,m,23,3
8101992751,0.bmp,0.822442,w,5,l,r,r,m,23,3
8101992751,30.bmp,0.915655,w,13,l,r,r,m,23,3
8101992751,70.bmp,0.8616584,w,7,l,r,r,m,23,3
8101992751,20.bmp,6.0427732,w,12,l,r,r,m,23,3
8101992751,80.bmp,0.8701863,w,11,l,r,r,m,23,3
8101992751,70.bmp,0.5129464,q,11,l,r,r,m,23,3
8101992751,30.bmp,0.8619647,w,7,l,r,r,m,23,3
8101992751,80.bmp,3.0802183,w,9,l,r,r,m,23,3
8101992751,60.bmp,0.5571251,w,3,l,r,r,m,23,3
8101992751,50.bmp,0.6859526,q,10,l,r,r,m,23,3
8101992751,70.bmp,0.9347097,w,3,l,r,r,m,23,3
8101992751,40.bmp,0.8215945,w,8,l,r,r,m,23,3
8101992751,0.bmp,0.7509989,w,2,l,r,r,m,23,3
8101992751,20.bmp,0.5943339,w,6,l,r,r,m,23,3
8101992751,30.bmp,0.5735074,w,12,l,r,r,m,23,3
8101992751,10.bmp,0.4843277,q,9,l,r,r,m,23,3
8101992751,40.bmp,0.5267602,q,4,l,r,r,m,23,3
8101992751,70.bmp,0.6294638,w,9,l,r,r,m,23,3
8101992751,10.bmp,0.6021094,q,1,l,r,r,m,23,3
8101992751,80.bmp,0.7360139,q,1,l,r,r,m,23,3
8101992751,10.bmp,0.5999066,w,4,l,r,r,m,23,3
8101992751,80.bmp,0.6830126,q,6,l,r,r,m,23,3
8101992751,20.bmp,0.6192143,w,4,l,r,r,m,23,3
8101992751,50.bmp,0.8767807,w,5,l,r,r,m,23,3
8101992751,0.bmp,0.9216308,q,3,l,r,r,m,23,3
8101992751,20.bmp,0.6480644,q,1,l,r,r,m,23,3
8101992751,30.bmp,0.7714597,w,2,l,r,r,m,23,3
8101992751,10.bmp,0.5039192,w,13,l,r,r,m,23,3
8101992751,50.bmp,0.4693015,w,6,l,r,r,m,23,3
8101992751,30.bmp,0.4731501,w,9,l,r,r,m,23,3
8101992751,70.bmp,0.4137906,q,13,l,r,r,m,23,3
8101992751,80.bmp,0.563697,q,13,l,r,r,m,23,3
8101992751,40.bmp,0.2820456,w,7,l,r,r,m,23,3
8101992751,80.bmp,0.6461897,w,3,l,r,r,m,23,3
8101992751,0.bmp,0.6684989,q,10,l,r,r,m,23,3
8101992751,20.bmp,0.3572115,w,13,l,r,r,m,23,3
8101992751,60.bmp,0.3265995,w,13,l,r,r,m,23,3
8101992751,40.bmp,0.4318136,w,6,l,r,r,m,23,3
8101992751,50.bmp,0.1069658,w,8,l,r,r,m,23,3
8101992751,80.bmp,0.4454159,q,8,l,r,r,m,23,3
8101992751,10.bmp,0.7407782,w,12,l,r,r,m,23,3
8101992751,0.bmp,0.8709828,w,6,l,r,r,m,23,3
8101992751,50.bmp,0.4858059,w,9,l,r,r,m,23,3
8101992751,80.bmp,0.5482751,q,2,l,r,r,m,23,3
8101992751,70.bmp,0.3757263,w,5,l,r,r,m,23,3
8101992751,0.bmp,0.7723972,q,8,l,r,r,m,23,3
8101992751,60.bmp,4.1897776,q,6,l,r,r,m,23,3
8101992751,10.bmp,0.8709596,q,10,l,r,r,m,23,3
8101992751,70.bmp,0.4549008,w,12,l,r,r,m,23,3
8101992751,30.bmp,0.6164813,w,9,l,r,r,m,23,3
8101992751,60.bmp,0.8326996,w,6,l,r,r,m,23,3
8101992751,20.bmp,0.8116766,w,7,l,r,r,m,23,3
8101992751,40.bmp,2.6967894,w,13,l,r,r,m,23,3
8101992751,40.bmp,0.7748924,q,7,l,r,r,m,23,3
8101992751,10.bmp,0.4884736,w,12,l,r,r,m,23,3
8101992751,0.bmp,0.7824886,q,8,l,r,r,m,23,3
8101992751,70.bmp,0.5121782,w,11,l,r,r,m,23,3
8101992751,30.bmp,0.976876,q,13,l,r,r,m,23,3
8101992751,20.bmp,0.8670208,w,2,l,r,r,m,23,3
8101992751,80.bmp,0.70327,q,3,l,r,r,m,23,3
8101992751,70.bmp,0.7464063,w,5,l,r,r,m,23,3
8101992751,80.bmp,1.0239539,q,9,l,r,r,m,23,3
8101992751,10.bmp,0.9981412,w,6,l,r,r,m,23,3
8101992751,70.bmp,0.8414651,q,9,l,r,r,m,23,3
8101992751,70.bmp,0.71667,w,13,l,r,r,m,23,3
8101992751,10.bmp,0.8431724,q,13,l,r,r,m,23,3
8101992751,10.bmp,0.6008937,w,8,l,r,r,m,23,3
8101992751,50.bmp,0.6586577,q,9,l,r,r,m,23,3
8101992751,40.bmp,0.6362185,w,12,l,r,r,m,23,3
8101992751,40.bmp,0.5803283,q,2,l,r,r,m,23,3
8101992751,50.bmp,0.6949784,w,11,l,r,r,m,23,3
8101992751,10.bmp,0.7400964,q,9,l,r,r,m,23,3
8101992751,50.bmp,0.8570974,w,4,l,r,r,m,23,3
8101992751,50.bmp,0.9078104,q,3,l,r,r,m,23,3
8101992751,70.bmp,0.6433719,w,1,l,r,r,m,23,3
8101992751,50.bmp,0.7897056,q,10,l,r,r,m,23,3
8101992751,0.bmp,0.5939032,w,13,l,r,r,m,23,3
8101992751,70.bmp,0.7548239,q,10,l,r,r,m,23,3
8101992751,50.bmp,0.7162125,w,2,l,r,r,m,23,3
8101992751,60.bmp,0.4236454,q,11,l,r,r,m,23,3
8101992751,60.bmp,1.1488777,q,3,l,r,r,m,23,3
8101992751,30.bmp,1.1942294,q,3,l,r,r,m,23,3
8101992751,80.bmp,1.5077681,q,2,l,r,r,m,23,3
8101992751,0.bmp,0.8549228,w,4,l,r,r,m,23,3
8101992751,20.bmp,0.8426556,q,10,l,r,r,m,23,3
8101992751,50.bmp,0.7774159,w,6,l,r,r,m,23,3
8101992751,70.bmp,0.9627932,q,8,l,r,r,m,23,3
8101992751,10.bmp,0.8757713,w,10,l,r,r,m,23,3
8101992751,0.bmp,1.0361831,w,5,l,r,r,m,23,3
8101992751,30.bmp,0.8952609,q,12,l,r,r,m,23,3
8101992751,20.bmp,0.8002799,w,8,l,r,r,m,23,3
8101992751,80.bmp,0.7274007,q,12,l,r,r,m,23,3
8101992751,20.bmp,1.0015915,q,6,l,r,r,m,23,3
8101992751,20.bmp,0.5517475,w,9,l,r,r,m,23,3
8101992751,50.bmp,0.7221657,q,13,l,r,r,m,23,3
8101992751,0.bmp,0.9127142,w,7,l,r,r,m,23,3
8101992751,40.bmp,0.7919851,q,6,l,r,r,m,23,3
8101992751,40.bmp,0.5998017,w,4,l,r,r,m,23,3
8101992751,60.bmp,0.7674424,w,10,l,r,r,m,23,3
8101992751,30.bmp,0.8071623,w,7,l,r,r,m,23,3
8101992751,80.bmp,1.1238254,q,10,l,r,r,m,23,3
8101992751,20.bmp,1.1412705,w,1,l,r,r,m,23,3
8101992751,80.bmp,2.0559671,w,8,l,r,r,m,23,3
8101992751,60.bmp,0.7666015,w,9,l,r,r,m,23,3
8101992751,30.bmp,0.5592759,w,11,l,r,r,m,23,3
8101992751,40.bmp,1.5159694,w,1,l,r,r,m,23,3
8101992751,40.bmp,1.6875458,w,5,l,r,r,m,23,3
8101992751,0.bmp,0.4243155,w,10,l,r,r,m,23,3
8101992751,30.bmp,0.4528271,q,10,l,r,r,m,23,3
8101992751,50.bmp,0.7704689,w,12,l,r,r,m,23,3
8101992751,10.bmp,0.4615769,w,1,l,r,r,m,23,3
8101992751,70.bmp,1.3656682,w,12,l,r,r,m,23,3
8101992751,80.bmp,1.2256229,q,13,l,r,r,m,23,3
8101992751,80.bmp,1.1506148,q,5,l,r,r,m,23,3
8101992751,10.bmp,1.4931169,q,5,l,r,r,m,23,3
8101992751,60.bmp,2.6125544,w,2,l,r,r,m,23,3
8101992751,70.bmp,1.5120423,w,7,l,r,r,m,23,3
8101992751,60.bmp,1.1587325,w,7,l,r,r,m,23,3
8101992751,80.bmp,2.1000703,q,1,l,r,r,m,23,3
8101992751,20.bmp,1.8874265,q,11,l,r,r,m,23,3
8101992751,10.bmp,0.8513349,w,3,l,r,r,m,23,3
8101992751,20.bmp,1.7871986,w,12,l,r,r,m,23,3
8101992751,10.bmp,0.4570413,q,7,l,r,r,m,23,3
8101992751,50.bmp,1.1477732,q,1,l,r,r,m,23,3
8101992751,0.bmp,0.8454165,q,3,l,r,r,m,23,3
8101992751,40.bmp,0.0595946,w,11,l,r,r,m,23,3
8101992751,80.bmp,0.9980219,w,4,l,r,r,m,23,3
8101992751,30.bmp,0.2123026,w,8,l,r,r,m,23,3
8101992751,70.bmp,0.9406734,w,6,l,r,r,m,23,3
8101992751,0.bmp,0.4746894,w,12,l,r,r,m,23,3
8101992751,40.bmp,0.5092515,q,8,l,r,r,m,23,3
8101992751,80.bmp,0.5678189,w,7,l,r,r,m,23,3
8101992751,60.bmp,0.735987,q,13,l,r,r,m,23,3
8101992751,50.bmp,0.4733573,w,7,l,r,r,m,23,3
8101992751,70.bmp,0.5401274,w,4,l,r,r,m,23,3
8101992751,80.bmp,0.3074593,q,6,l,r,r,m,23,3
8101992751,10.bmp,0.8572276,w,2,l,r,r,m,23,3
8101992751,40.bmp,1.4925706,w,9,l,r,r,m,23,3
8101992751,40.bmp,0.620668,w,3,l,r,r,m,23,3
8101992751,30.bmp,0.6263297,q,5,l,r,r,m,23,3
8101992751,10.bmp,0.6554324,w,4,l,r,r,m,23,3
8101992751,80.bmp,0.6628138,w,11,l,r,r,m,23,3
8101992751,60.bmp,0.8039789,w,12,l,r,r,m,23,3
8101992751,30.bmp,0.4079029,q,4,l,r,r,m,23,3
8101992751,20.bmp,0.3954565,w,5,l,r,r,m,23,3
8101992751,70.bmp,0.6633436,w,3,l,r,r,m,23,3
8101992751,20.bmp,0.6374832,w,4,l,r,r,m,23,3
8101992751,70.bmp,0.6378411,q,2,l,r,r,m,23,3
8101992751,20.bmp,0.3831628,w,3,l,r,r,m,23,3
8101992751,0.bmp,0.5888947,q,11,l,r,r,m,23,3
8101992751,0.bmp,0.5080609,w,1,l,r,r,m,23,3
8101992751,50.bmp,0.4461436,w,8,l,r,r,m,23,3
8101992751,30.bmp,0.8631957,q,1,l,r,r,m,23,3
8101992751,20.bmp,0.5573947,w,13,l,r,r,m,23,3
8101992751,50.bmp,0.5951138,w,5,l,r,r,m,23,3
8101992751,40.bmp,0.5589165,w,10,l,r,r,m,23,3
8101992751,30.bmp,0.6275249,q,2,l,r,r,m,23,3
8101992751,60.bmp,1.2437392,w,8,l,r,r,m,23,3
8101992751,60.bmp,0.8788661,w,5,l,r,r,m,23,3
8101992751,60.bmp,0.7223278,w,1,l,r,r,m,23,3
8101992751,60.bmp,0.5503092,w,4,l,r,r,m,23,3
8101992751,0.bmp,1.8143233,w,6,l,r,r,m,23,3
8101992751,0.bmp,0.2485403,w,9,l,r,r,m,23,3
8101992751,30.bmp,1.0175166,w,6,l,r,r,m,23,3
8101992751,0.bmp,0.5549787,w,2,l,r,r,m,23,3
8101992751,10.bmp,0.5241298,q,11,l,r,r,m,23,3
8101992751,60.bmp,0.2651089,o,9,r,r,r,m,23,3
8101992751,60.bmp,0.3769809,p,13,r,r,r,m,23,3
8101992751,0.bmp,0.4607481,o,13,r,r,r,m,23,3
8101992751,60.bmp,0.5740775,p,12,r,r,r,m,23,3
8101992751,20.bmp,0.7705627,o,6,r,r,r,m,23,3
8101992751,50.bmp,1.4893312,o,10,r,r,r,m,23,3
8101992751,40.bmp,2.0940518,o,13,r,r,r,m,23,3
8101992751,10.bmp,0.8743857,o,4,r,r,r,m,23,3
8101992751,0.bmp,0.8587444,p,3,r,r,r,m,23,3
8101992751,70.bmp,1.110127,o,12,r,r,r,m,23,3
8101992751,40.bmp,0.762031,p,6,r,r,r,m,23,3
8101992751,60.bmp,1.7849091,o,4,r,r,r,m,23,3
8101992751,20.bmp,4.6297519,o,13,r,r,r,m,23,3
8101992751,10.bmp,0.5112179,o,13,r,r,r,m,23,3
8101992751,70.bmp,0.6745271,o,2,r,r,r,m,23,3
8101992751,0.bmp,0.4471569,p,7,r,r,r,m,23,3
8101992751,80.bmp,0.7908104,o,1,r,r,r,m,23,3
8101992751,10.bmp,0.968597,p,5,r,r,r,m,23,3
8101992751,0.bmp,0.8412776,o,4,r,r,r,m,23,3
8101992751,10.bmp,1.0432014,o,2,r,r,r,m,23,3
8101992751,40.bmp,0.5849775,p,9,r,r,r,m,23,3
8101992751,30.bmp,0.7465362,o,13,r,r,r,m,23,3
8101992751,10.bmp,0.3048243,o,3,r,r,r,m,23,3
8101992751,30.bmp,4.5780316,o,5,r,r,r,m,23,3
8101992751,50.bmp,0.9966128,p,9,r,r,r,m,23,3
8101992751,40.bmp,2.4321133,o,5,r,r,r,m,23,3
8101992751,80.bmp,2.8481571,o,13,r,r,r,m,23,3
8101992751,20.bmp,0.5868074,p,12,r,r,r,m,23,3
8101992751,20.bmp,1.6194807,p,7,r,r,r,m,23,3
8101992751,80.bmp,0.9300707,o,2,r,r,r,m,23,3
8101992751,70.bmp,1.2619922,o,4,r,r,r,m,23,3
8101992751,70.bmp,1.2665633,p,8,r,r,r,m,23,3
8101992751,70.bmp,0.8558744,o,10,r,r,r,m,23,3
8101992751,70.bmp,0.715419,p,6,r,r,r,m,23,3
8101992751,30.bmp,0.7240736,o,2,r,r,r,m,23,3
8101992751,40.bmp,0.6980048,p,2,r,r,r,m,23,3
8101992751,20.bmp,0.6637421,o,3,r,r,r,m,23,3
8101992751,60.bmp,0.6223102,p,6,r,r,r,m,23,3
8101992751,10.bmp,0.5659419,o,10,r,r,r,m,23,3
8101992751,0.bmp,0.4963113,p,6,r,r,r,m,23,3
8101992751,80.bmp,0.4944416,p,10,r,r,r,m,23,3
8101992751,10.bmp,0.7047161,p,9,r,r,r,m,23,3
8101992751,10.bmp,0.7265326,o,1,r,r,r,m,23,3
8101992751,80.bmp,0.6169742,o,3,r,r,r,m,23,3
8101992751,20.bmp,0.7438175,o,9,r,r,r,m,23,3
8101992751,40.bmp,0.7137314,p,3,r,r,r,m,23,3
8101992751,50.bmp,0.5201779,o,13,r,r,r,m,23,3
8101992751,20.bmp,0.6550077,p,8,r,r,r,m,23,3
8101992751,50.bmp,0.4303439,o,2,r,r,r,m,23,3
8101992751,50.bmp,0.5677209,p,12,r,r,r,m,23,3
8101992751,20.bmp,1.5332124,p,1,r,r,r,m,23,3
8101992751,70.bmp,0.9042657,o,5,r,r,r,m,23,3
8101992751,30.bmp,0.5087625,p,12,r,r,r,m,23,3
8101992751,0.bmp,1.048106,o,5,r,r,r,m,23,3
8101992751,60.bmp,0.704775,p,3,r,r,r,m,23,3
8101992751,80.bmp,0.5902087,o,6,r,r,r,m,23,3
8101992751,0.bmp,1.2283263,o,12,r,r,r,m,23,3
8101992751,80.bmp,1.1072719,p,7,r,r,r,m,23,3
8101992751,60.bmp,0.7141644,o,10,r,r,r,m,23,3
8101992751,40.bmp,0.5958049,p,8,r,r,r,m,23,3
8101992751,40.bmp,0.5399582,o,11,r,r,r,m,23,3
8101992751,40.bmp,0.64428,p,7,r,r,r,m,23,3
8101992751,50.bmp,0.5824489,o,8,r,r,r,m,23,3
8101992751,30.bmp,0.7081751,p,11,r,r,r,m,23,3
8101992751,30.bmp,0.5996149,o,4,r,r,r,m,23,3
8101992751,30.bmp,0.544532,p,1,r,r,r,m,23,3
8101992751,10.bmp,0.6049968,o,8,r,r,r,m,23,3
8101992751,60.bmp,0.5709966,p,5,r,r,r,m,23,3
8101992751,30.bmp,0.5624119,o,6,r,r,r,m,23,3
8101992751,40.bmp,0.5917738,p,1,r,r,r,m,23,3
8101992751,70.bmp,0.6032569,o,1,r,r,r,m,23,3
8101992751,10.bmp,0.5869482,p,7,r,r,r,m,23,3
8101992751,30.bmp,0.515405,o,8,r,r,r,m,23,3
8101992751,80.bmp,0.5892294,p,4,r,r,r,m,23,3
8101992751,80.bmp,0.6994396,p,5,r,r,r,m,23,3
8101992751,50.bmp,0.5240599,p,5,r,r,r,m,23,3
8101992751,0.bmp,0.4835057,p,9,r,r,r,m,23,3
8101992751,60.bmp,0.5647112,o,8,r,r,r,m,23,3
8101992751,20.bmp,0.5012626,p,2,r,r,r,m,23,3
8101992751,20.bmp,0.3211911,o,10,r,r,r,m,23,3
8101992751,50.bmp,0.3684284,p,7,r,r,r,m,23,3
8101992751,0.bmp,0.3533985,o,10,r,r,r,m,23,3
8101992751,50.bmp,0.3098848,p,4,r,r,r,m,23,3
8101992751,30.bmp,0.8633448,o,3,r,r,r,m,23,3
8101992751,70.bmp,0.8099299,o,13,r,r,r,m,23,3
8101992751,10.bmp,0.8249562,o,12,r,r,r,m,23,3
8101992751,80.bmp,0.5325764,o,12,r,r,r,m,23,3
8101992751,20.bmp,0.6932402,o,11,r,r,r,m,23,3
8101992751,10.bmp,0.634459,o,11,r,r,r,m,23,3
8101992751,60.bmp,1.2042455,o,7,r,r,r,m,23,3
8101992751,60.bmp,0.4446955,o,1,r,r,r,m,23,3
8101992751,70.bmp,0.9408859,o,11,r,r,r,m,23,3
8101992751,50.bmp,1.3193979,p,3,r,r,r,m,23,3
8101992751,60.bmp,0.7872655,p,11,r,r,r,m,23,3
8101992751,10.bmp,1.0025464,p,6,r,r,r,m,23,3
8101992751,0.bmp,0.9243265,p,1,r,r,r,m,23,3
8101992751,30.bmp,1.9597535,p,10,r,r,r,m,23,3
8101992751,0.bmp,0.4279394,p,8,r,r,r,m,23,3
8101992751,50.bmp,0.5605621,p,6,r,r,r,m,23,3
8101992751,80.bmp,0.8101224,o,8,r,r,r,m,23,3
8101992751,40.bmp,0.7329239,o,12,r,r,r,m,23,3
8101992751,80.bmp,0.7174496,p,9,r,r,r,m,23,3
8101992751,30.bmp,0.557242,o,9,r,r,r,m,23,3
8101992751,50.bmp,0.8051276,p,1,r,r,r,m,23,3
8101992751,70.bmp,0.4590256,o,3,r,r,r,m,23,3
8101992751,20.bmp,0.6140217,p,4,r,r,r,m,23,3
8101992751,40.bmp,0.61925,o,4,r,r,r,m,23,3
8101992751,0.bmp,0.480365,o,2,r,r,r,m,23,3
8101992751,50.bmp,0.6160021,p,11,r,r,r,m,23,3
8101992751,40.bmp,0.6314696,o,10,r,r,r,m,23,3
8101992751,80.bmp,0.5455704,p,11,r,r,r,m,23,3
8101992751,70.bmp,0.5728365,o,9,r,r,r,m,23,3
8101992751,20.bmp,0.6344181,p,5,r,r,r,m,23,3
8101992751,70.bmp,0.5932276,p,7,r,r,r,m,23,3
8101992751,0.bmp,0.5331539,o,11,r,r,r,m,23,3
8101992751,60.bmp,0.5946606,p,2,r,r,r,m,23,3
8101992751,30.bmp,0.8434338,p,7,r,r,r,m,23,3
8101992751,20.bmp,0.2730035,p,8,r,r,r,m,23,3
8101992751,10.bmp,0.666202,o,1,r,r,r,m,23,3
8101992751,40.bmp,0.7076384,o,9,r,r,r,m,23,3
8101992751,20.bmp,1.1792779,o,6,r,r,r,m,23,3
8101992751,20.bmp,0.6788887,p,4,r,r,r,m,23,3
8101992751,10.bmp,0.4664878,p,9,r,r,r,m,23,3
8101992751,50.bmp,0.5507368,o,3,r,r,r,m,23,3
8101992751,60.bmp,0.9649107,p,11,r,r,r,m,23,3
8101992751,30.bmp,0.6649667,p,1,r,r,r,m,23,3
8101992751,20.bmp,0.8385955,o,11,r,r,r,m,23,3
8101992751,0.bmp,1.4677752,o,9,r,r,r,m,23,3
8101992751,30.bmp,1.152328,o,3,r,r,r,m,23,3
8101992751,60.bmp,1.0117384,p,6,r,r,r,m,23,3
8101992751,60.bmp,0.8846207,p,10,r,r,r,m,23,3
8101992751,10.bmp,1.3982306,o,6,r,r,r,m,23,3
8101992751,20.bmp,1.7305429,p,10,r,r,r,m,23,3
8101992751,20.bmp,1.4583262,p,3,r,r,r,m,23,3
8101992751,30.bmp,0.9433161,p,10,r,r,r,m,23,3
8101992751,0.bmp,1.7740175,p,13,r,r,r,m,23,3
8101992751,70.bmp,1.4072952,p,2,r,r,r,m,23,3
8101992751,40.bmp,0.6568989,p,2,r,r,r,m,23,3
8101992751,50.bmp,2.1789016,p,7,r,r,r,m,23,3
8101992751,0.bmp,1.6566169,p,10,r,r,r,m,23,3
8101992751,70.bmp,1.6849939,p,13,r,r,r,m,23,3
8101992751,60.bmp,0.8850534,p,2,r,r,r,m,23,3
8101992751,50.bmp,1.3037876,p,2,r,r,r,m,23,3
8101992751,0.bmp,0.9558808,o,1,r,r,r,m,23,3
8101992751,40.bmp,0.6207309,p,4,r,r,r,m,23,3
8101992751,60.bmp,0.737593,p,7,r,r,r,m,23,3
8101992751,70.bmp,0.7989736,p,11,r,r,r,m,23,3
8101992751,80.bmp,0.7153222,o,9,r,r,r,m,23,3
8101992751,60.bmp,0.7881257,p,3,r,r,r,m,23,3
8101992751,80.bmp,0.5054288,p,13,r,r,r,m,23,3
8101992751,50.bmp,0.7968545,o,5,r,r,r,m,23,3
8101992751,0.bmp,0.8518948,p,3,r,r,r,m,23,3
8101992751,50.bmp,0.6442009,o,9,r,r,r,m,23,3
8101992751,40.bmp,0.5607657,p,3,r,r,r,m,23,3
8101992751,80.bmp,0.9862155,p,6,r,r,r,m,23,3
8101992751,80.bmp,1.2156986,o,10,r,r,r,m,23,3
8101992751,0.bmp,1.0761167,o,11,r,r,r,m,23,3
8101992751,20.bmp,0.8728015,o,7,r,r,r,m,23,3
8101992751,40.bmp,0.7310365,o,10,r,r,r,m,23,3
8101992751,0.bmp,0.6157724,p,12,r,r,r,m,23,3
8101992751,70.bmp,1.1439389,p,8,r,r,r,m,23,3
8101992751,80.bmp,0.4662777,o,7,r,r,r,m,23,3
8101992751,30.bmp,0.9425027,o,6,r,r,r,m,23,3
8101992751,10.bmp,1.5966374,p,13,r,r,r,m,23,3
8101992751,70.bmp,0.5828907,p,9,r,r,r,m,23,3
8101992751,60.bmp,1.0773136,o,4,r,r,r,m,23,3
8101992751,50.bmp,0.3965471,o,1,r,r,r,m,23,3
8101992751,20.bmp,0.9532142,o,5,r,r,r,m,23,3
8101992751,40.bmp,1.0436667,p,12,r,r,r,m,23,3
8101992751,50.bmp,0.7992277,p,4,r,r,r,m,23,3
8101992751,70.bmp,0.7494661,p,6,r,r,r,m,23,3
8101992751,80.bmp,1.4338897,o,8,r,r,r,m,23,3
8101992751,70.bmp,1.0287849,o,5,r,r,r,m,23,3
8101992751,0.bmp,1.4569656,o,2,r,r,r,m,23,3
8101992751,0.bmp,1.5414974,p,5,r,r,r,m,23,3
8101992751,40.bmp,0.6823792,p,5,r,r,r,m,23,3
8101992751,40.bmp,0.3756729,o,13,r,r,r,m,23,3
8101992751,10.bmp,0.7044581,p,8,r,r,r,m,23,3
8101992751,30.bmp,0.4806969,o,7,r,r,r,m,23,3
8101992751,10.bmp,0.5206775,p,5,r,r,r,m,23,3
8101992751,30.bmp,0.4109039,p,8,r,r,r,m,23,3
8101992751,80.bmp,0.4225647,o,5,r,r,r,m,23,3
8101992751,80.bmp,0.4389233,p,2,r,r,r,m,23,3
8101992751,10.bmp,0.4806688,o,7,r,r,r,m,23,3
8101992751,80.bmp,0.8419788,p,11,r,r,r,m,23,3
8101992751,60.bmp,0.3427311,o,9,r,r,r,m,23,3
8101992751,70.bmp,0.3949993,p,10,r,r,r,m,23,3
8101992751,0.bmp,0.4867889,p,4,r,r,r,m,23,3
8101992751,30.bmp,0.4090699,p,11,r,r,r,m,23,3
8101992751,70.bmp,0.2463911,p,3,r,r,r,m,23,3
8101992751,50.bmp,0.2245778,o,12,r,r,r,m,23,3
8101992751,50.bmp,2.4294999,o,10,r,r,r,m,23,3
8101992751,10.bmp,1.5322552,o,4,r,r,r,m,23,3
8101992751,60.bmp,0.7852578,p,1,r,r,r,m,23,3
8101992751,10.bmp,0.8478236,p,3,r,r,r,m,23,3
8101992751,80.bmp,1.787591,p,1,r,r,r,m,23,3
8101992751,30.bmp,1.2271631,o,5,r,r,r,m,23,3
8101992751,30.bmp,1.0780071,o,12,r,r,r,m,23,3
8101992751,80.bmp,0.772888,p,4,r,r,r,m,23,3
8101992751,60.bmp,1.4517525,o,8,r,r,r,m,23,3
8101992751,70.bmp,1.4658871,o,12,r,r,r,m,23,3
8101992751,0.bmp,0.7383707,o,7,r,r,r,m,23,3
8101992751,70.bmp,1.9930875,p,1,r,r,r,m,23,3
8101992751,20.bmp,3.5555541,p,1,r,r,r,m,23,3
8101992751,0.bmp,1.1073822,p,6,r,r,r,m,23,3
8101992751,50.bmp,0.755239,p,11,r,r,r,m,23,3
8101992751,80.bmp,0.8865788,p,3,r,r,r,m,23,3
8101992751,40.bmp,0.9988211,o,11,r,r,r,m,23,3
8101992751,70.bmp,1.1440952,o,4,r,r,r,m,23,3
8101992751,10.bmp,1.4853934,p,12,r,r,r,m,23,3
8101992751,40.bmp,1.5305245,p,6,r,r,r,m,23,3
8101992751,20.bmp,1.8030714,p,2,r,r,r,m,23,3
8101992751,20.bmp,1.3819495,p,9,r,r,r,m,23,3
8101992751,10.bmp,1.7197257,p,10,r,r,r,m,23,3
8101992751,50.bmp,1.5024398,p,8,r,r,r,m,23,3
8101992751,30.bmp,1.2638564,p,2,r,r,r,m,23,3
8101992751,50.bmp,2.2589048,p,13,r,r,r,m,23,3
8101992751,60.bmp,2.0402217,p,12,r,r,r,m,23,3
8101992751,20.bmp,2.9267727,p,12,r,r,r,m,23,3
8101992751,20.bmp,1.1036259,p,13,r,r,r,m,23,3
8101992751,50.bmp,1.0152813,p,6,r,r,r,m,23,3
8101992751,40.bmp,1.3739524,p,8,r,r,r,m,23,3
8101992751,30.bmp,1.8015573,p,4,r,r,r,m,23,3
8101992751,40.bmp,2.7018149,p,7,r,r,r,m,23,3
8101992751,80.bmp,4.3572264,p,12,r,r,r,m,23,3
8101992751,70.bmp,1.0346712,o,7,r,r,r,m,23,3
8101992751,10.bmp,1.0968201,p,2,r,r,r,m,23,3
8101992751,30.bmp,2.7177975,p,9,r,r,r,m,23,3
8101992751,60.bmp,1.3308922,o,5,r,r,r,m,23,3
8101992751,30.bmp,1.5020182,p,13,r,r,r,m,23,3
8101992751,10.bmp,1.029758,p,11,r,r,r,m,23,3
8101992751,0.bmp,0.5789965,o,8,r,r,r,m,23,3
8101992751,60.bmp,0.9163438,o,13,r,r,r,m,23,3
8101992751,40.bmp,0.4369126,p,1,r,r,r,m,23,3
8101992751,50.bmp,1.1467761,w,1,l,r,r,m,23,3
8101992751,0.bmp,2.6183322,w,2,l,r,r,m,23,3
8101992751,80.bmp,0.744568,w,1,l,r,r,m,23,3
8101992751,30.bmp,1.0159818,q,1,l,r,r,m,23,3
8101992751,0.bmp,0.8383267,w,12,l,r,r,m,23,3
8101992751,60.bmp,0.6901407,q,6,l,r,r,m,23,3
8101992751,80.bmp,0.6903381,q,6,l,r,r,m,23,3
8101992751,60.bmp,0.5410707,w,4,l,r,r,m,23,3
8101992751,0.bmp,0.5525467,w,10,l,r,r,m,23,3
8101992751,80.bmp,0.6679359,q,2,l,r,r,m,23,3
8101992751,40.bmp,0.4808977,w,12,l,r,r,m,23,3
8101992751,50.bmp,0.8146319,w,3,l,r,r,m,23,3
8101992751,20.bmp,0.780947,w,1,l,r,r,m,23,3
8101992751,50.bmp,0.5862421,q,10,l,r,r,m,23,3
8101992751,30.bmp,0.5135486,w,13,l,r,r,m,23,3
8101992751,50.bmp,0.7432282,q,4,l,r,r,m,23,3
8101992751,10.bmp,0.65475,q,5,l,r,r,m,23,3
8101992751,20.bmp,0.6744173,w,10,l,r,r,m,23,3
8101992751,0.bmp,0.7876577,w,3,l,r,r,m,23,3
8101992751,40.bmp,0.8679968,q,6,l,r,r,m,23,3
8101992751,10.bmp,0.648523,w,10,l,r,r,m,23,3
8101992751,70.bmp,0.7297869,w,10,l,r,r,m,23,3
8101992751,70.bmp,0.6278834,w,3,l,r,r,m,23,3
8101992751,20.bmp,0.6895829,w,9,l,r,r,m,23,3
8101992751,30.bmp,0.5742371,w,4,l,r,r,m,23,3
8101992751,60.bmp,0.8000124,w,2,l,r,r,m,23,3
8101992751,10.bmp,0.9590809,w,4,l,r,r,m,23,3
8101992751,30.bmp,0.7392458,w,8,l,r,r,m,23,3
8101992751,30.bmp,0.7098602,w,9,l,r,r,m,23,3
8101992751,80.bmp,0.8263197,w,8,l,r,r,m,23,3
8101992751,30.bmp,0.6927469,q,10,l,r,r,m,23,3
8101992751,10.bmp,0.6346284,w,9,l,r,r,m,23,3
8101992751,10.bmp,0.8184832,q,2,l,r,r,m,23,3
8101992751,70.bmp,0.6755916,q,12,l,r,r,m,23,3
8101992751,30.bmp,0.6966175,w,5,l,r,r,m,23,3
8101992751,40.bmp,0.9545781,w,10,l,r,r,m,23,3
8101992751,40.bmp,0.5344197,q,13,l,r,r,m,23,3
8101992751,50.bmp,0.8174643,w,9,l,r,r,m,23,3
8101992751,80.bmp,0.8298383,q,4,l,r,r,m,23,3
8101992751,40.bmp,0.7362239,w,2,l,r,r,m,23,3
8101992751,10.bmp,0.6874829,q,11,l,r,r,m,23,3
8101992751,20.bmp,0.7688004,w,7,l,r,r,m,23,3
8101992751,20.bmp,0.5470784,q,4,l,r,r,m,23,3
8101992751,0.bmp,0.7173001,w,9,l,r,r,m,23,3
8101992751,80.bmp,0.4708191,q,11,l,r,r,m,23,3
8101992751,20.bmp,0.6608299,w,5,l,r,r,m,23,3
8101992751,20.bmp,0.5840166,q,2,l,r,r,m,23,3
8101992751,80.bmp,0.6192159,w,7,l,r,r,m,23,3
8101992751,20.bmp,0.6665202,q,13,l,r,r,m,23,3
8101992751,60.bmp,0.704565,w,7,l,r,r,m,23,3
8101992751,80.bmp,0.699442,q,13,l,r,r,m,23,3
8101992751,20.bmp,0.7245205,w,11,l,r,r,m,23,3
8101992751,80.bmp,0.8990125,w,3,l,r,r,m,23,3
8101992751,40.bmp,0.7676797,q,1,l,r,r,m,23,3
8101992751,60.bmp,0.8008745,w,11,l,r,r,m,23,3
8101992751,60.bmp,0.9373399,q,12,l,r,r,m,23,3
8101992751,0.bmp,0.8016838,w,11,l,r,r,m,23,3
8101992751,70.bmp,0.7030566,q,1,l,r,r,m,23,3
8101992751,60.bmp,0.8581238,w,10,l,r,r,m,23,3
8101992751,70.bmp,0.813092,q,7,l,r,r,m,23,3
8101992751,20.bmp,0.6818575,w,6,l,r,r,m,23,3
8101992751,30.bmp,0.7282518,w,2,l,r,r,m,23,3
8101992751,80.bmp,0.7468458,q,9,l,r,r,m,23,3
8101992751,0.bmp,0.7296558,w,7,l,r,r,m,23,3
8101992751,40.bmp,1.0294072,q,3,l,r,r,m,23,3
8101992751,70.bmp,0.9097083,w,13,l,r,r,m,23,3
8101992751,10.bmp,0.7563528,q,7,l,r,r,m,23,3
8101992751,40.bmp,0.6625932,w,9,l,r,r,m,23,3
8101992751,10.bmp,0.7765775,q,1,l,r,r,m,23,3
8101992751,50.bmp,1.0015704,w,2,l,r,r,m,23,3
8101992751,60.bmp,1.9289013,w,3,l,r,r,m,23,3
8101992751,50.bmp,1.8639005,w,8,l,r,r,m,23,3
8101992751,30.bmp,0.9380448,q,6,l,r,r,m,23,3
8101992751,0.bmp,1.5058287,w,13,l,r,r,m,23,3
8101992751,80.bmp,1.6936934,w,5,l,r,r,m,23,3
8101992751,30.bmp,1.0787285,q,11,l,r,r,m,23,3
8101992751,40.bmp,1.2006623,w,4,l,r,r,m,23,3
8101992751,40.bmp,0.8921117,w,7,l,r,r,m,23,3
8101992751,80.bmp,0.7708512,q,12,l,r,r,m,23,3
8101992751,10.bmp,0.7462604,w,13,l,r,r,m,23,3
8101992751,60.bmp,0.6958706,q,13,l,r,r,m,23,3
8101992751,50.bmp,0.6321375,w,12,l,r,r,m,23,3
8101992751,0.bmp,1.2838257,q,1,l,r,r,m,23,3
8101992751,70.bmp,0.9882107,w,4,l,r,r,m,23,3
8101992751,70.bmp,1.3120077,w,9,l,r,r,m,23,3
8101992751,50.bmp,0.9063101,q,11,l,r,r,m,23,3
8101992751,10.bmp,0.7289543,w,3,l,r,r,m,23,3
8101992751,10.bmp,0.8464975,q,6,l,r,r,m,23,3
8101992751,0.bmp,0.7267383,w,6,l,r,r,m,23,3
8101992751,70.bmp,0.8692506,q,5,l,r,r,m,23,3
8101992751,50.bmp,0.8215801,w,5,l,r,r,m,23,3
8101992751,20.bmp,1.0288877,q,3,l,r,r,m,23,3
8101992751,40.bmp,1.0593801,w,5,l,r,r,m,23,3
8101992751,60.bmp,0.8512737,w,5,l,r,r,m,23,3
8101992751,10.bmp,0.7051382,q,8,l,r,r,m,23,3
8101992751,0.bmp,0.8293622,w,8,l,r,r,m,23,3
8101992751,50.bmp,1.2155828,w,7,l,r,r,m,23,3
8101992751,0.bmp,0.760929,w,4,l,r,r,m,23,3
8101992751,50.bmp,0.7424297,q,6,l,r,r,m,23,3
8101992751,30.bmp,1.0446318,w,12,l,r,r,m,23,3
8101992751,30.bmp,0.74687,w,3,l,r,r,m,23,3
8101992751,70.bmp,1.0898235,w,6,l,r,r,m,23,3
8101992751,80.bmp,0.8579227,q,10,l,r,r,m,23,3
8101992751,40.bmp,0.8828313,w,8,l,r,r,m,23,3
8101992751,70.bmp,1.1246257,q,2,l,r,r,m,23,3
8101992751,20.bmp,1.3520439,w,8,l,r,r,m,23,3
8101992751,20.bmp,0.9773367,w,12,l,r,r,m,23,3
8101992751,60.bmp,0.8864686,q,1,l,r,r,m,23,3
8101992751,60.bmp,0.9862173,w,8,l,r,r,m,23,3
8101992751,10.bmp,1.8393433,w,12,l,r,r,m,23,3
8101992751,40.bmp,1.3275791,q,11,l,r,r,m,23,3
8101992751,0.bmp,1.0259836,w,5,l,r,r,m,23,3
8101992751,70.bmp,1.0869179,q,11,l,r,r,m,23,3
8101992751,30.bmp,0.9596875,w,7,l,r,r,m,23,3
8101992751,60.bmp,1.1463228,q,9,l,r,r,m,23,3
8101992751,50.bmp,1.1483994,q,13,l,r,r,m,23,3
8101992751,70.bmp,1.3391495,w,8,l,r,r,m,23,3
8101992751,40.bmp,0.7020273,w,2,l,r,r,m,23,3
8101992751,30.bmp,0.7300404,q,8,l,r,r,m,23,3
8101992751,40.bmp,1.2053904,w,4,l,r,r,m,23,3
8101992751,10.bmp,1.3420407,q,6,l,r,r,m,23,3
8101992751,50.bmp,1.4252033,w,13,l,r,r,m,23,3
8101992751,60.bmp,1.0576466,w,10,l,r,r,m,23,3
8101992751,0.bmp,1.0479148,q,12,l,r,r,m,23,3
8101992751,80.bmp,1.0336773,w,6,l,r,r,m,23,3
8101992751,10.bmp,1.1677457,w,1,l,r,r,m,23,3
8101992751,30.bmp,0.7798388,q,7,l,r,r,m,23,3
8101992751,50.bmp,1.0938321,w,9,l,r,r,m,23,3
8101992751,10.bmp,0.8924356,w,2,l,r,r,m,23,3
8101992751,70.bmp,0.8003736,q,13,l,r,r,m,23,3
8101992751,0.bmp,0.530465,w,13,l,r,r,m,23,3
8101992751,60.bmp,2.4203863,w,1,l,r,r,m,23,3
8101992751,40.bmp,4.5015925,w,6,l,r,r,m,23,3
8101992751,30.bmp,0.7682326,w,6,l,r,r,m,23,3
8101992751,70.bmp,0.4561666,w,12,l,r,r,m,23,3
8101992751,60.bmp,4.1581524,w,12,l,r,r,m,23,3
8101992751,80.bmp,2.0763112,w,2,l,r,r,m,23,3
8101992751,20.bmp,2.5165744,w,7,l,r,r,m,23,3
8101992751,10.bmp,1.476811,w,11,l,r,r,m,23,3
8101992751,0.bmp,1.3536767,w,11,l,r,r,m,23,3
8101992751,10.bmp,0.9658144,w,5,l,r,r,m,23,3
8101992751,50.bmp,0.6074535,w,8,l,r,r,m,23,3
8101992751,80.bmp,0.5250128,w,10,l,r,r,m,23,3
8101992751,10.bmp,0.5493145,q,7,l,r,r,m,23,3
8101992751,20.bmp,0.8514515,w,3,l,r,r,m,23,3
8101992751,30.bmp,0.9982681,w,3,l,r,r,m,23,3
8101992751,80.bmp,0.9508884,w,4,l,r,r,m,23,3
8101992751,30.bmp,0.8337377,q,11,l,r,r,m,23,3
8101992751,40.bmp,0.955304,w,10,l,r,r,m,23,3
8101992751,80.bmp,1.069621,w,8,l,r,r,m,23,3
8101992751,60.bmp,0.5412169,q,11,l,r,r,m,23,3
8101992751,10.bmp,1.0200821,w,8,l,r,r,m,23,3
8101992751,20.bmp,0.4796862,q,10,l,r,r,m,23,3
8101992751,20.bmp,0.6740073,w,6,l,r,r,m,23,3
8101992751,80.bmp,0.7983597,w,13,l,r,r,m,23,3
8101992751,80.bmp,0.5473084,q,5,l,r,r,m,23,3
8101992751,50.bmp,0.4356256,w,10,l,r,r,m,23,3
8101992751,50.bmp,0.8098138,w,12,l,r,r,m,23,3
8101992751,60.bmp,0.8336445,q,8,l,r,r,m,23,3
8101992751,60.bmp,0.4920354,w,2,l,r,r,m,23,3
8101992751,60.bmp,0.6351429,q,13,l,r,r,m,23,3
8101992751,30.bmp,0.4227384,w,2,l,r,r,m,23,3
8101992751,60.bmp,0.8252096,q,7,l,r,r,m,23,3
8101992751,10.bmp,0.7108137,w,4,l,r,r,m,23,3
8101992751,30.bmp,0.7123668,q,10,l,r,r,m,23,3
8101992751,80.bmp,0.713124,w,1,l,r,r,m,23,3
8101992751,40.bmp,0.6674303,q,9,l,r,r,m,23,3
8101992751,70.bmp,0.96283,w,5,l,r,r,m,23,3
8101992751,40.bmp,0.7862475,q,8,l,r,r,m,23,3
8101992751,20.bmp,0.5494022,w,5,l,r,r,m,23,3
8101992751,70.bmp,0.4638777,q,6,l,r,r,m,23,3
8101992751,0.bmp,0.6736565,w,10,l,r,r,m,23,3
8101992751,40.bmp,0.8940625,q,12,l,r,r,m,23,3
8101992751,70.bmp,0.6269485,w,3,l,r,r,m,23,3
8101992751,50.bmp,0.9272157,q,5,l,r,r,m,23,3
8101992751,70.bmp,0.6385056,w,1,l,r,r,m,23,3
8101992751,0.bmp,0.5401835,q,8,l,r,r,m,23,3
8101992751,80.bmp,0.7987244,w,11,l,r,r,m,23,3
8101992751,70.bmp,0.5938556,q,9,l,r,r,m,23,3
8101992751,30.bmp,0.8973555,w,5,l,r,r,m,23,3
8101992751,10.bmp,0.6981245,q,3,l,r,r,m,23,3
8101992751,40.bmp,1.0017191,w,1,l,r,r,m,23,3
8101992751,0.bmp,0.9398699,q,5,l,r,r,m,23,3
8101992751,20.bmp,0.7137814,w,9,l,r,r,m,23,3
8101992751,50.bmp,0.5857459,q,2,l,r,r,m,23,3
8101992751,20.bmp,1.0486774,w,11,l,r,r,m,23,3
8101992751,50.bmp,0.7941025,w,6,l,r,r,m,23,3
8101992751,10.bmp,0.5418691,w,9,l,r,r,m,23,3
8101992751,70.bmp,1.00881,w,7,l,r,r,m,23,3
8101992751,40.bmp,0.8792759,q,5,l,r,r,m,23,3
8101992751,70.bmp,0.7342481,w,2,l,r,r,m,23,3
8101992751,80.bmp,0.6243014,q,9,l,r,r,m,23,3
8101992751,70.bmp,0.8077844,w,11,l,r,r,m,23,3
8101992751,60.bmp,0.8680058,q,4,l,r,r,m,23,3
8101992751,30.bmp,0.9818165,w,13,l,r,r,m,23,3
8101992751,20.bmp,0.7360975,q,2,l,r,r,m,23,3
8101992751,40.bmp,0.6821164,w,3,l,r,r,m,23,3
8101992751,50.bmp,0.7923151,q,4,l,r,r,m,23,3
8101992751,10.bmp,0.8594558,w,13,l,r,r,m,23,3
8101992751,60.bmp,0.6429888,q,9,l,r,r,m,23,3
8101992751,0.bmp,0.6481069,w,3,l,r,r,m,23,3
8101992751,20.bmp,0.7353921,w,8,l,r,r,m,23,3
8101992751,50.bmp,0.923062,w,3,l,r,r,m,23,3
8101992751,80.bmp,0.8015098,w,12,l,r,r,m,23,3
8101992751,0.bmp,0.8717608,q,6,l,r,r,m,23,3
8101992751,50.bmp,0.7440058,w,11,l,r,r,m,23,3
8101992751,30.bmp,0.3374486,q,12,l,r,r,m,23,3
8101992751,50.bmp,0.7048506,w,7,l,r,r,m,23,3
8101992751,70.bmp,0.5037153,q,8,l,r,r,m,23,3
8101992751,20.bmp,0.6496353,w,12,l,r,r,m,23,3
8101992751,30.bmp,0.6019773,w,1,l,r,r,m,23,3
8101992751,80.bmp,0.7419099,q,7,l,r,r,m,23,3
8101992751,30.bmp,0.5458993,w,9,l,r,r,m,23,3
8101992751,0.bmp,0.888844,q,4,l,r,r,m,23,3
8101992751,0.bmp,0.6272212,w,2,l,r,r,m,23,3
8101992751,60.bmp,0.5909889,q,3,l,r,r,m,23,3
8101992751,40.bmp,0.5566883,w,13,l,r,r,m,23,3
8101992751,0.bmp,0.4822645,q,7,l,r,r,m,23,3
8101992751,10.bmp,0.4905235,w,10,l,r,r,m,23,3
8101992751,80.bmp,0.5486327,q,3,l,r,r,m,23,3
8101992751,30.bmp,0.5377035,w,4,l,r,r,m,23,3
8101992751,60.bmp,0.5658299,w,6,l,r,r,m,23,3
8101992751,70.bmp,0.5464523,w,10,l,r,r,m,23,3
8101992751,0.bmp,0.4460084,q,9,l,r,r,m,23,3
8101992751,20.bmp,0.5273109,w,4,l,r,r,m,23,3
8101992751,40.bmp,0.3808189,q,7,l,r,r,m,23,3
8101992751,20.bmp,0.4724012,w,13,l,r,r,m,23,3
8101992751,0.bmp,0.5321072,q,1,l,r,r,m,23,3
8101992751,50.bmp,0.4405508,q,1,l,r,r,m,23,3
8101992751,40.bmp,0.6960409,q,11,l,r,r,m,23,3
8101992751,20.bmp,0.8513617,w,1,l,r,r,m,23,3
8101992751,60.bmp,0.4963883,q,5,l,r,r,m,23,3
8101992751,70.bmp,0.5135389,w,4,l,r,r,m,23,3
8101992751,10.bmp,0.4905435,q,12,l,r,r,m,23,3
8101992751,50.bmp,0.8161492,q,11,l,r,r,m,23,3
8101992751,70.bmp,0.8249681,w,12,l,r,r,m,23,3
8101992751,30.bmp,0.6096185,w,8,l,r,r,m,23,3
8101992751,0.bmp,0.6954501,q,13,l,r,r,m,23,3
8101992751,0.bmp,0.6081814,w,1,l,r,r,m,23,3
8101992751,40.bmp,0.6805908,w,11,l,r,r,m,23,3
8101992751,40.bmp,1.9409169,w,6,l,r,r,m,23,3
8101992751,80.bmp,0.4671193,q,2,l,r,r,m,23,3
8101992751,70.bmp,0.4682369,w,10,l,r,r,m,23,3
8101992751,50.bmp,0.5984786,q,8,l,r,r,m,23,3
8101992751,20.bmp,0.7401333,w,6,l,r,r,m,23,3
8101992751,40.bmp,0.4296591,w,10,l,r,r,m,23,3
8101992751,10.bmp,0.4056297,w,12,l,r,r,m,23,3
8101992751,0.bmp,0.4336912,w,10,l,r,r,m,23,3
8101992751,50.bmp,0.4157457,w,12,l,r,r,m,23,3
8101992751,80.bmp,0.3820801,w,8,l,r,r,m,23,3
8101992751,20.bmp,0.4858729,w,10,l,r,r,m,23,3
8101992751,20.bmp,0.4100719,q,7,l,r,r,m,23,3
8101992751,80.bmp,0.4238443,w,12,l,r,r,m,23,3
8101992751,50.bmp,0.3229554,w,4,l,r,r,m,23,3
8101992751,80.bmp,0.2335372,q,7,l,r,r,m,23,3
8101992751,20.bmp,0.3852393,q,4,l,r,r,m,23,3
8101992751,70.bmp,0.3771906,q,7,l,r,r,m,23,3
8101992751,40.bmp,0.3546372,w,7,l,r,r,m,23,3
8101992751,10.bmp,0.5011106,w,4,l,r,r,m,23,3
8101992751,30.bmp,0.5481182,q,2,l,r,r,m,23,3
8101992751,50.bmp,0.491064,w,5,l,r,r,m,23,3
8101992751,50.bmp,0.5582544,q,9,l,r,r,m,23,3
8101992751,10.bmp,0.7856851,w,5,l,r,r,m,23,3
8101992751,70.bmp,0.6709196,w,9,l,r,r,m,23,3
8101992751,80.bmp,0.8425766,w,9,l,r,r,m,23,3
8101992751,0.bmp,0.3051079,q,11,l,r,r,m,23,3
8101992751,0.bmp,0.597585,w,2,l,r,r,m,23,3
8101992751,20.bmp,0.6124163,w,3,l,r,r,m,23,3
8101992751,40.bmp,0.619787,w,4,l,r,r,m,23,3
8101992751,10.bmp,0.5915895,w,7,l,r,r,m,23,3
8101992751,60.bmp,0.7420642,w,1,l,r,r,m,23,3
8101992751,80.bmp,0.4190933,q,4,l,r,r,m,23,3
8101992751,70.bmp,0.5767912,q,3,l,r,r,m,23,3
8101992751,70.bmp,0.8225555,w,6,l,r,r,m,23,3
8101992751,80.bmp,0.4035296,w,6,l,r,r,m,23,3
8101992751,30.bmp,0.0642486,w,5,l,r,r,m,23,3
8101992751,0.bmp,0.3966384,w,3,l,r,r,m,23,3
8101992751,10.bmp,0.6051644,w,11,l,r,r,m,23,3
8101992751,50.bmp,0.7628719,w,7,l,r,r,m,23,3
8101992751,40.bmp,0.6384797,q,9,l,r,r,m,23,3
8101992751,0.bmp,0.8110048,w,4,l,r,r,m,23,3
8101992751,10.bmp,0.7624022,w,13,l,r,r,m,23,3
8101992751,30.bmp,0.7468316,w,1,l,r,r,m,23,3
8101992751,10.bmp,0.6044368,q,9,l,r,r,m,23,3
8101992751,70.bmp,0.4502897,w,8,l,r,r,m,23,3
8101992751,60.bmp,0.4335009,w,11,l,r,r,m,23,3
8101992751,80.bmp,0.6043968,w,11,l,r,r,m,23,3
8101992751,60.bmp,1.7761193,w,12,l,r,r,m,23,3
8101992751,50.bmp,0.3742083,w,3,l,r,r,m,23,3
8101992751,10.bmp,1.659349,w,8,l,r,r,m,23,3
8101992751,40.bmp,0.8147265,w,13,l,r,r,m,23,3
8101992751,10.bmp,0.5769301,w,2,l,r,r,m,23,3
8101992751,20.bmp,0.7250329,w,2,l,r,r,m,23,3
8101992751,30.bmp,0.7427561,w,3,l,r,r,m,23,3
8101992751,30.bmp,0.711021,w,10,l,r,r,m,23,3
8101992751,10.bmp,1.1038635,w,6,l,r,r,m,23,3
8101992751,50.bmp,0.7564928,q,13,l,r,r,m,23,3
8101992751,50.bmp,0.756374,w,10,l,r,r,m,23,3
8101992751,80.bmp,0.7666155,q,5,l,r,r,m,23,3
8101992751,50.bmp,0.5755813,w,1,l,r,r,m,23,3
8101992751,30.bmp,0.7380311,q,6,l,r,r,m,23,3
8101992751,20.bmp,0.7603936,w,13,l,r,r,m,23,3
8101992751,40.bmp,0.6957262,q,5,l,r,r,m,23,3
8101992751,70.bmp,0.7889525,w,2,l,r,r,m,23,3
8101992751,60.bmp,0.7729249,q,10,l,r,r,m,23,3
8101992751,60.bmp,0.6016665,w,7,l,r,r,m,23,3
8101992751,20.bmp,0.6645253,q,9,l,r,r,m,23,3
8101992751,50.bmp,0.7472472,w,2,l,r,r,m,23,3
8101992751,40.bmp,0.9478757,w,8,l,r,r,m,23,3
8101992751,70.bmp,0.8925119,q,5,l,r,r,m,23,3
8101992751,80.bmp,0.6458695,w,10,l,r,r,m,23,3
8101992751,30.bmp,0.8346494,q,12,l,r,r,m,23,3
8101992751,20.bmp,0.7945119,w,1,l,r,r,m,23,3
8101992751,30.bmp,0.7917756,w,13,l,r,r,m,23,3
8101992751,40.bmp,0.9137998,q,3,l,r,r,m,23,3
8101992751,40.bmp,0.7073338,w,12,l,r,r,m,23,3
8101992751,60.bmp,1.2430493,w,2,l,r,r,m,23,3
8101992751,80.bmp,0.616827,w,3,l,r,r,m,23,3
8101992751,20.bmp,0.6717688,w,5,l,r,r,m,23,3
8101992751,0.bmp,0.8585262,q,9,l,r,r,m,23,3
8101992751,0.bmp,0.6675446,w,8,l,r,r,m,23,3
8101992751,30.bmp,1.4488528,w,11,l,r,r,m,23,3
8101992751,10.bmp,0.7496157,q,10,l,r,r,m,23,3
8101992751,70.bmp,0.9243201,w,13,l,r,r,m,23,3
8101992751,10.bmp,0.6194332,q,3,l,r,r,m,23,3
8101992751,70.bmp,0.396689,w,11,l,r,r,m,23,3
8101992751,60.bmp,0.5443549,w,4,l,r,r,m,23,3
8101992751,20.bmp,0.3460406,q,11,l,r,r,m,23,3
8101992751,30.bmp,0.5770161,w,4,l,r,r,m,23,3
8101992751,60.bmp,0.7299832,q,13,l,r,r,m,23,3
8101992751,0.bmp,0.6733135,w,12,l,r,r,m,23,3
8101992751,80.bmp,0.549515,q,13,l,r,r,m,23,3
8101992751,40.bmp,0.6577661,w,1,l,r,r,m,23,3
8101992751,70.bmp,0.5970302,w,1,l,r,r,m,23,3
8101992751,30.bmp,0.5836137,q,9,l,r,r,m,23,3
8101992751,30.bmp,0.5694259,w,7,l,r,r,m,23,3
8101992751,60.bmp,0.9513962,w,3,l,r,r,m,23,3
8101992751,60.bmp,0.5808812,q,6,l,r,r,m,23,3
8101992751,20.bmp,0.5898225,w,12,l,r,r,m,23,3
8101992751,80.bmp,2.1437692,w,1,l,r,r,m,23,3
8101992751,20.bmp,2.0180356,w,8,l,r,r,m,23,3
8101992751,0.bmp,0.791124,w,7,l,r,r,m,23,3
8101992751,50.bmp,1.4574559,q,6,l,r,r,m,23,3
8101992751,10.bmp,0.7855332,w,1,l,r,r,m,23,3
8101992751,60.bmp,1.6551338,w,9,l,r,r,m,23,3
8101992751,0.bmp,0.7255449,w,6,l,r,r,m,23,3
8101992751,60.bmp,1.1748853,w,8,l,r,r,m,23,3
8101992751,40.bmp,1.3004213,w,2,l,r,r,m,23,3
8101992751,0.bmp,2.2646839,w,5,l,r,r,m,23,3
8101992751,60.bmp,1.0020246,q,5,l,r,r,m,23,3
8101992751,70.bmp,0.726489,w,4,l,r,r,m,23,3
8101992751,60.bmp,1.4651749,w,3,l,r,r,m,23,3
8101992751,60.bmp,0.887852,q,12,l,r,r,m,23,3
8101992751,50.bmp,0.5977245,w,13,l,r,r,m,23,3
8101992751,30.bmp,0.517443,q,6,l,r,r,m,23,3
8101992751,60.bmp,1.59884,w,1,l,r,r,m,23,3
8101992751,10.bmp,1.2025783,w,2,l,r,r,m,23,3
8101992751,10.bmp,1.0293057,q,8,l,r,r,m,23,3
8101992751,30.bmp,0.9458794,w,9,l,r,r,m,23,3
8101992751,0.bmp,1.0794029,w,1,l,r,r,m,23,3
8101992751,50.bmp,2.7268045,w,1,l,r,r,m,23,3
8101992751,10.bmp,1.0412469,w,1,l,r,r,m,23,3
8101992751,0.bmp,0.9731908,w,9,l,r,r,m,23,3
8101992751,10.bmp,0.935949,w,3,l,r,r,m,23,3
8101992751,40.bmp,0.7509514,w,12,l,r,r,m,23,3
8101992751,70.bmp,0.8794571,w,2,l,r,r,m,23,3
8101992751,10.bmp,0.2994016,w,7,l,r,r,m,23,3
8101992751,60.bmp,1.4453799,w,7,l,r,r,m,23,3
8101992751,0.bmp,0.9372651,w,7,l,r,r,m,23,3
8101992751,40.bmp,2.3705371,w,10,l,r,r,m,23,3
8101992751,30.bmp,1.8557784,q,13,l,r,r,m,23,3
8101992751,10.bmp,3.2612236,w,6,l,r,r,m,23,3
8101992751,80.bmp,1.4064023,w,12,l,r,r,m,23,3
8101992751,50.bmp,0.9237709,w,11,l,r,r,m,23,3
8101992751,10.bmp,1.2092601,q,11,l,r,r,m,23,3
8101992751,10.bmp,1.0966867,w,12,l,r,r,m,23,3
8101992751,0.bmp,0.8529431,q,8,l,r,r,m,23,3
8101992751,10.bmp,1.3221965,w,13,l,r,r,m,23,3
8101992751,20.bmp,1.9980079,w,13,l,r,r,m,23,3
8101992751,10.bmp,0.6970477,w,5,l,r,r,m,23,3
8101992751,30.bmp,1.2730053,w,5,l,r,r,m,23,3
8101992751,20.bmp,0.9552454,w,3,l,r,r,m,23,3
8101992751,80.bmp,0.6761262,w,11,l,r,r,m,23,3
8101992751,0.bmp,0.5776952,w,10,l,r,r,m,23,3
8101992751,50.bmp,0.5533516,w,12,l,r,r,m,23,3
8101992751,70.bmp,0.7596433,w,9,l,r,r,m,23,3
8101992751,40.bmp,0.7598246,q,13,l,r,r,m,23,3
8101992751,80.bmp,0.7462875,w,3,l,r,r,m,23,3
8101992751,20.bmp,0.64725,w,9,l,r,r,m,23,3
8101992751,70.bmp,0.9674534,q,4,l,r,r,m,23,3
8101992751,30.bmp,0.6444395,w,4,l,r,r,m,23,3
8101992751,40.bmp,1.0165738,w,11,l,r,r,m,23,3
8101992751,30.bmp,0.829204,w,11,l,r,r,m,23,3
8101992751,60.bmp,0.7620825,w,13,l,r,r,m,23,3
8101992751,30.bmp,0.5703129,q,2,l,r,r,m,23,3
8101992751,40.bmp,0.7807089,w,7,l,r,r,m,23,3
8101992751,80.bmp,0.9708523,w,8,l,r,r,m,23,3
8101992751,20.bmp,0.9890822,w,12,l,r,r,m,23,3
8101992751,80.bmp,0.7285871,q,4,l,r,r,m,23,3
8101992751,40.bmp,0.7136474,w,6,l,r,r,m,23,3
8101992751,30.bmp,1.3935381,w,3,l,r,r,m,23,3
8101992751,50.bmp,0.8732705,w,3,l,r,r,m,23,3
8101992751,0.bmp,0.729536,q,5,l,r,r,m,23,3
8101992751,60.bmp,1.3532217,w,2,l,r,r,m,23,3
8101992751,40.bmp,0.8327942,w,5,l,r,r,m,23,3
8101992751,80.bmp,1.0048809,q,13,l,r,r,m,23,3
8101992751,30.bmp,1.6349567,w,7,l,r,r,m,23,3
8101992751,60.bmp,1.3735497,q,10,l,r,r,m,23,3
8101992751,10.bmp,1.1556351,w,9,l,r,r,m,23,3
8101992751,80.bmp,0.4350987,w,7,l,r,r,m,23,3
8101992751,20.bmp,1.4450888,w,11,l,r,r,m,23,3
8101992751,0.bmp,0.0841762,q,6,l,r,r,m,23,3
8101992751,20.bmp,0.9253659,q,10,l,r,r,m,23,3
8101992751,40.bmp,0.5508049,w,9,l,r,r,m,23,3
8101992751,20.bmp,1.1702316,q,5,l,r,r,m,23,3
8101992751,0.bmp,0.6243842,w,2,l,r,r,m,23,3
8101992751,10.bmp,0.7847603,q,4,l,r,r,m,23,3
8101992751,80.bmp,0.7099867,w,9,l,r,r,m,23,3
8101992751,80.bmp,0.7305874,w,2,l,r,r,m,23,3
8101992751,20.bmp,0.4184954,q,6,l,r,r,m,23,3
8101992751,70.bmp,0.9200446,w,1,l,r,r,m,23,3
8101992751,10.bmp,0.7001947,q,10,l,r,r,m,23,3
8101992751,0.bmp,0.6553634,w,11,l,r,r,m,23,3
8101992751,70.bmp,0.6661756,q,13,l,r,r,m,23,3
8101992751,60.bmp,0.6204283,w,11,l,r,r,m,23,3
8101992751,20.bmp,0.6789236,q,7,l,r,r,m,23,3
8101992751,30.bmp,0.6823521,w,12,l,r,r,m,23,3
8101992751,40.bmp,0.6925657,q,8,l,r,r,m,23,3
8101992751,80.bmp,0.584884,w,1,l,r,r,m,23,3
8101992751,70.bmp,0.730206,w,3,l,r,r,m,23,3
8101992751,70.bmp,0.7354372,w,10,l,r,r,m,23,3
8101992751,50.bmp,0.5555882,w,10,l,r,r,m,23,3
8101992751,40.bmp,0.2984724,q,4,l,r,r,m,23,3
8101992751,60.bmp,0.6640215,w,8,l,r,r,m,23,3
8101992751,50.bmp,0.4338175,w,4,l,r,r,m,23,3
8101992751,70.bmp,0.5725808,q,7,l,r,r,m,23,3
8101992751,60.bmp,0.6059484,w,4,l,r,r,m,23,3
8101992751,30.bmp,0.7274703,w,1,l,r,r,m,23,3
8101992751,30.bmp,0.7177173,q,8,l,r,r,m,23,3
8101992751,0.bmp,0.3081504,w,3,l,r,r,m,23,3
8101992751,50.bmp,1.9688095,w,5,l,r,r,m,23,3
8101992751,40.bmp,0.3413452,w,2,l,r,r,m,23,3
8101992751,20.bmp,0.5790071,w,1,l,r,r,m,23,3
8101992751,50.bmp,0.6594109,w,7,l,r,r,m,23,3
8101992751,40.bmp,0.4747462,q,3,l,r,r,m,23,3
8101992751,80.bmp,0.5230368,w,6,l,r,r,m,23,3
8101992751,50.bmp,0.512248,q,8,l,r,r,m,23,3
8101992751,0.bmp,0.6921213,w,4,l,r,r,m,23,3
8101992751,20.bmp,0.6830622,q,4,l,r,r,m,23,3
8101992751,0.bmp,0.6447341,w,12,l,r,r,m,23,3
8101992751,80.bmp,0.4542238,w,10,l,r,r,m,23,3
8101992751,70.bmp,0.9985153,w,12,l,r,r,m,23,3
8101992751,60.bmp,0.4896051,q,5,l,r,r,m,23,3
8101992751,70.bmp,0.4685283,w,6,l,r,r,m,23,3
8101992751,30.bmp,1.0690029,q,10,l,r,r,m,23,3
8101992751,70.bmp,0.6115385,w,8,l,r,r,m,23,3
8101992751,70.bmp,0.9472415,w,11,l,r,r,m,23,3
8101992751,70.bmp,1.1294366,q,5,l,r,r,m,23,3
8101992751,50.bmp,0.4772924,w,2,l,r,r,m,23,3
8101992751,40.bmp,0.8360229,q,1,l,r,r,m,23,3
8101992751,60.bmp,0.5680881,w,9,l,r,r,m,23,3
8101992751,60.bmp,0.7889446,q,6,l,r,r,m,23,3
8101992751,80.bmp,1.0157657,w,5,l,r,r,m,23,3
8101992751,20.bmp,0.8547752,q,2,l,r,r,m,23,3
8101992751,0.bmp,0.7217209,w,13,l,r,r,m,23,3
8101992751,50.bmp,0.5818182,q,9,l,r,r,m,23,3
8101992751,50.bmp,0.5902045,w,6,l,r,r,m,23,3
8101992751,20.bmp,0.5437888,q,8,l,r,r,m,23,3
